Project ID,Project Name,Construction Status,Plannning Approval Address,Zip Code,Block,Lot,Supervisor District,City Analysis Neighborhood,Planning Neighborhood,Lead Agency,General Housing Program,Specific Program Area,Redevelopment Project Area,Project Type,Housing Tenure,SSP Acquisition Date,Issuance of Notice to Proceed Date,Issuance of Building Permit Date,Issuance of First Construction Document Date,Estimated/Actual Construction Start Date,Estimated Construction Completion Date,Project Lead Sponsor,Project Co-Sponsor,Project Owner,Planning  Case Number,Planning Entitlements,Entitlement Approval Date,Section 415 Declaration,Total Project Units,MOHCD Affordable Units,% Affordable,SRO Units,Studio Units,1bd Units,2bd Units,3bd Units,4bd Units,5+ bd Units,Mobility Units,Family Units,Senior Units,TAY Units,Homeless Units,Disabled Units,LOSP Units,20% AMI,30% AMI,40% AMi,50% AMI,55% AMI,60% AMI,80% AMI,90% AMI,100% AMI,105% AMI,110% AMI,120% AMI,130% AMI,150% AMI,AMI Undeclared,Latitude,Longitude,Location
2023-032,Treasure Island Parcel C3.5,(2) Predevelopment Feasibility,TBD Treasure Island,,,,6,Treasure Island,Treasure Island/YBI,MOHCD,Inclusionary Housing,Inclusionary Housing Program,Not in an OCII Project Area,New Construction,Ownership,,,,,,,,,,,,,On-site BMR Project,160,8,5,0,0,0,0,0,0,0,0,0,0,0,0,0,0,0,0,0,0,0,0,0,0,0,0,0,0,0,0,0,,,
2023-033,850 Turk,(3) Design with Entitlements Approved,850 Turk St,94102,744,6,2,Western Addition,Downtown/Civic Center,MOHCD,MOHCD 100% Affordable,Multifamily Rental Program,Western Addition-Area 2,New Construction,Rental,,12/13/2024,,,12/13/2024,09/11/2026,MidPen Housing,,,,,,,92,91,99,0,28,16,20,27,0,0,0,91,0,0,0,0,0,0,25,32,21,0,13,0,0,0,0,0,0,0,0,0,,,
2016-003,"HPSY II-CPS, Block 11A",(3) Design with Entitlements Approved,Address not yet assigned,94124,,,10,Bayview Hunters Point,Bayview,OCII,MOHCD 100% Affordable,Multifamily Rental Program,Candlestick Point,New Construction,Rental,,,,,,,San Francisco Housing Development Corporation,Mercy Housing CA,"Candlestick Point 11a, LP",Not Applicable,,,,176,175,99,0,2,45,56,68,3,1,18,170,0,5,38,0,0,0,0,0,0,0,175,0,0,0,0,0,0,0,0,0,37.71119086,-122.3854554,"(37.71119086, -122.3854554)"
2018-051,4101 3rd St,(4) Site Work Permit Issued,4101 3rd St,94124,5260,1,10,Bayview Hunters Point,Bayview,OCII,Inclusionary Housing,OCII Inclusionary Rental Program,Bayview Hunters Point,New Construction,Rental,,,06/30/2020,,,,,,,Not Applicable,,,,35,5,14,0,0,2,3,0,0,0,0,0,0,0,0,0,0,0,0,0,0,0,5,0,0,0,0,0,0,0,0,0,37.7399595,-122.3885303,"(37.7399595, -122.3885303)"
2022-008,618-630 Octavia,(3) Design with Entitlements Approved,618-630 Octavia St,94102,793,37,5,Hayes Valley,Western Addition,MOHCD,Inclusionary Housing,Inclusionary Housing Program,Not in an OCII Project Area,New Construction,Ownership,,,,,04/26/2024,,March Capital Fund,,,2020-004414PRJ,"2020-004414CUA, 2020-004414PRJ, 2019-003491PPA, 2020-004414ENV, 2020-004414MCM",04/28/2022,On-site BMR Project; Fee Payment,40,10,25,0,0,6,4,0,0,0,0,0,0,0,0,0,0,0,0,0,0,0,0,7,0,0,1,0,0,2,0,0,37.77791,-122.4246887,"(37.77791, -122.4246887)"
2023-002,Treasure Island IC4.3 - HomeRise,(1) Preliminary Phase,TBD Treasure Island,,,,6,Treasure Island,Treasure Island/YBI,MOHCD,MOHCD 100% Affordable,Multifamily Rental Program,Not in an OCII Project Area,New Construction,Rental,,11/30/2026,,,11/30/2026,06/30/2028,The John Stewart Company,Catholic Charities San Francisco,"IC4.3 Family Housing, LP",,,,,150,120,80,0,7,29,72,30,9,0,0,59,0,0,61,0,0,0,0,0,87,0,0,32,0,0,0,0,0,0,30,0,,,
2020-024,98 Franklin,(3) Design with Entitlements Approved,98 Franklin St,94102,836,13,6,Hayes Valley,Downtown/Civic Center,MOHCD,Inclusionary Housing,Inclusionary Housing Program,Not in an OCII Project Area,New Construction,Rental,,,,,05/27/2022,,"J. Abrams Law, PC",,,2016-014802PRJ,"2016-014802PRJ, 2016-014802DNX, 2016-014802DNX-02, 2016-014802DVA, 2016-014802ENV-02, 2016-014802MAP, 2016-014802PCA",05/28/2020,On-site BMR Project,345,69,20,0,0,0,0,0,0,0,0,0,0,0,0,0,0,0,0,0,69,0,0,0,0,0,0,0,0,0,0,0,37.7750809,-122.4206134,"(37.7750809, -122.4206134)"
2020-027,2550 Irving,(5) First Construction Document Issued,2550 Irving St,94122,1724,38,4,Sunset/Parkside,Outer Sunset,MOHCD,MOHCD 100% Affordable,Multifamily Rental Program,Not in an OCII Project Area,New Construction,Rental,,04/15/2024,06/26/2023,06/11/2024,04/15/2024,11/30/2025,Tenderloin Neighborhood Development Corporation (TNDC),,"2550 Irving Associates, L.P.",2021-012100PRJ,2021-012100PRJ,08/17/2022,,90,89,99,0,9,33,23,24,0,0,20,89,0,0,37,0,22,0,32,17,15,0,13,12,0,0,0,0,0,0,0,0,37.7634957,-122.4849817,"(37.7634957, -122.4849817)"
2023-036,530-540 Turk St,(3) Design with Entitlements Approved,530-540 Turk St,94102,741,3,5,Tenderloin,Downtown/Civic Center,MOHCD,Inclusionary Housing,Inclusionary Housing Program,Not in an OCII Project Area,New Construction,Ownership,,,,,12/05/2025,,,,,,,12/07/2023,On-site BMR Project; Fee Payment,88,13,15,0,2,8,3,0,0,0,0,0,0,0,0,0,0,0,0,0,0,0,0,8,0,0,3,0,0,2,0,0,37.78261,-122.4180568,"(37.78261, -122.4180568)"
2016-094,Mission Bay South Block 12 West,(1) Preliminary Phase,Address not yet assigned,94158,8710,6,6,Mission Bay,South of Market,OCII,MOHCD 100% Affordable,Multifamily Rental Program,Mission Bay,New Construction,Rental,,11/01/2028,,,11/01/2028,12/31/2030,,,,Not Applicable,,,,318,316,99,0,0,0,0,0,0,0,0,144,0,0,0,0,0,0,0,0,0,0,0,0,0,0,0,0,0,0,0,0,37.77104569,-122.3951068,"(37.77104569, -122.3951068)"
2014-006,2601 Van Ness,(4) Site Work Permit Issued,2601 Van Ness Ave,94109,522,002A,2,Marina,Marina,MOHCD,Inclusionary Housing,Inclusionary Housing Program,Not in an OCII Project Area,New Construction,Ownership,,,04/04/2016,,10/03/2016,,"Van Ness Terraces, LLC",,,2018-000908PRJ,,12/04/2018,On-site BMR Project; Fee Payment,60,18,30,0,0,11,7,0,0,0,0,18,0,0,0,0,0,0,0,0,0,0,0,6,0,0,6,0,0,6,0,0,37.7997547,-122.4247571,"(37.7997547, -122.4247571)"
2015-006d,SFCLT Scattered Sites - 4042 Fulton,(5) First Construction Document Issued,4042-4048 Fulton St,94118,3726,63,1,Outer Richmond,Inner Richmond,MOHCD,MOHCD Preservation,Small Sites Program,Not in an OCII Project Area,Rehabilitation,Rental,03/29/2017,09/18/2017,07/08/1983,,09/18/2017,01/01/2025,San Francisco Community Land Trust,,San Francisco Community Land Trust,Not Applicable,,,,6,6,100,0,1,2,3,0,0,0,0,6,0,0,0,0,0,0,0,0,0,0,0,6,0,0,0,0,0,0,0,0,37.773153,-122.4753425,"(37.773153, -122.4753425)"
2016-105,"CP-02 ""Infield"" Senior",(1) Preliminary Phase,Address not yet assigned,94124,,,10,Bayview Hunters Point,Bayview,OCII,Inclusionary Housing,OCII Inclusionary Rental Program,Candlestick Point,New Construction,Rental,,09/01/2034,,,09/01/2034,02/23/2036,,,,Not Applicable,,,,105,104,99,0,0,0,0,0,0,0,0,0,104,0,0,0,0,0,0,0,0,0,104,0,0,0,0,0,0,0,0,0,37.71356453,-122.3842851,"(37.71356453, -122.3842851)"
2019-005,828 Brannan St,(3) Design with Entitlements Approved,828 Brannan St,94103,3780,004E,6,South of Market,South of Market,MOHCD,Inclusionary Housing,Inclusionary Housing Program,Not in an OCII Project Area,New Construction,Rental,,,,,04/23/2021,,"828 Brannan Partners, LLC (c/o The S. Hekemian Group)",,,2015-015789PRJ,,04/25/2019,On-site BMR Project,50,9,18,0,2,3,4,0,0,0,0,9,0,0,0,0,0,0,0,0,0,9,0,0,0,0,0,0,0,0,0,0,37.7727193,-122.4042011,"(37.7727193, -122.4042011)"
2020-011,160 Freelon (Land Dedication Site),(4) Site Work Permit Issued,160 Freelon St,94107,3777,52,6,South of Market,South of Market,MOHCD,MOHCD 100% Affordable,Multifamily Rental Program,Not in an OCII Project Area,New Construction,Rental,,,05/13/2024,,02/08/2028,,Related California,San Francisco Housing Development Corporation,,2022-008873PRJ,,02/09/2023,,85,84,99,0,15,24,22,23,0,0,13,57,0,0,22,0,22,0,1,3,29,0,11,40,0,0,0,0,0,0,0,0,37.7781638,-122.3980495,"(37.7781638, -122.3980495)"
2017-026,342-360 5th,(5) First Construction Document Issued,342-360 5th St,94107,3753,147,6,South of Market,South of Market,MOHCD,Inclusionary Housing,Inclusionary Housing Program,Not in an OCII Project Area,New Construction,Ownership,,,12/21/2018,05/04/2020,06/21/2019,,"Reuben, Junius & Rose, LLP",,,2015-005863PRJ,"2015-005863CUA,2015-005863ENV,2015-005863ENX,2015-005863PPA,2015-005863TDM",10/05/2017,On-site BMR Project,127,18,14,0,4,6,5,3,0,0,0,18,0,0,0,0,0,0,0,0,0,0,0,0,18,0,0,0,0,0,0,0,37.7795412,-122.4028391,"(37.7795412, -122.4028391)"
2012-019b,Potrero Block B,(5) First Construction Document Issued,1801 25th St,94107,,,10,Potrero Hill,Potrero Hill,MOHCD,MOHCD 100% Affordable,HOPE SF,Not in an OCII Project Area,New Construction,Rental,,08/11/2022,09/29/2021,08/22/2022,08/11/2022,05/14/2025,BRIDGE Housing,,"Potrero Housing Associates II, LP",2010.0515PHA,,,,157,156,99,0,0,40,54,51,11,0,24,155,0,0,0,0,0,0,49,0,106,0,1,0,0,0,0,0,0,0,0,0,37.7523266,-122.3965155,"(37.7523266, -122.3965155)"
2023-026,Isle House/C2.4,(5) First Construction Document Issued,39 Bruton St,94130,,,6,Treasure Island,Treasure Island/YBI,MOHCD,Inclusionary Housing,Inclusionary Housing Program,Not in an OCII Project Area,New Construction,Rental,,,11/03/2021,09/22/2022,,06/07/2024,,,,2007.0903,,,On-site BMR Project,250,24,10,0,0,0,0,0,0,0,0,0,0,0,0,0,0,0,0,0,0,0,0,0,0,0,0,0,0,0,0,0,,,
2014-025,Schlage Project,(3) Design with Entitlements Approved,0 Schlage Project,94134,"5087, 5099, 5100, 5101, 5102, 5107","003, 003A, 014, 002, 003, 010, 006, 007, 009, 001",10,Visitacion Valley,Visitacion Valley,MOHCD,Inclusionary Housing,Inclusionary Housing Program,Not in an OCII Project Area,New Construction,Rental,,,,,08/31/2016,,,,,2006.1308,"2006.1308E,2006.1308E_3,2006.1308E_5,2006.1308M,2006.1308R,2006.1308R_3,2006.1308T,2006.1308U,2006.1308U_3,2006.1308U_5,2006.1308U_7,2006.1308W,2006.1308Z",09/02/2014,On-site BMR Project; Fee Payment,1679,168,10,0,0,0,0,0,0,0,0,168,0,0,0,0,0,0,0,0,0,0,0,0,0,0,0,0,0,0,0,168,37.71031638,-122.4035142,"(37.71031638, -122.4035142)"
2016-127,CPS-Block 6a,(2) Predevelopment Feasibility,99 Harney Way,94124,5000,33,10,Bayview Hunters Point,Bayview,OCII,Other Ownership Programs,Limited Equity Program,HP Shipyard Phase 2,New Construction,Ownership,,06/01/2028,,,06/01/2028,12/23/2029,,,,,,,,128,13,10,0,0,0,0,0,0,0,0,13,0,0,0,0,0,0,0,0,0,0,0,0,0,7,0,0,6,0,0,0,37.711111,-122.3864246,"(37.711111, -122.3864246)"
2019-009,4200 3rd Street,(2) Predevelopment Feasibility,4200 3rd St,,,,10,Bayview Hunters Point,Bayview,OCII,Inclusionary Housing,OCII Inclusionary Rental Program,Bayview Hunters Point,New Construction,Rental,,,,,,,,,,,,,,85,17,20,0,4,7,5,1,0,0,0,0,0,0,0,0,0,0,0,0,0,0,17,0,0,0,0,0,0,0,0,0,37.7397622,-122.3891773,"(37.7397622, -122.3891773)"
2018-009,600 20th,(3) Design with Entitlements Approved,600 20th St,94107,4058,2,10,Potrero Hill,Potrero Hill,MOHCD,Inclusionary Housing,Inclusionary Housing Program,Not in an OCII Project Area,New Construction,Ownership,,,,,06/12/2020,,,,,2016-008651PRJ,"2016-008651ENV,2016-008651ENX,2016-008651PPA,2016-008651TDM",06/14/2018,On-site BMR Project,21,3,14,0,0,1,2,0,0,0,0,3,0,0,0,0,0,0,0,0,0,0,0,0,3,0,0,0,0,0,0,0,37.760775,-122.3878084,"(37.760775, -122.3878084)"
2020-017,1979 Mission,(1) Preliminary Phase,1979 Mission St,94110,3553,52,9,Mission,Mission,MOHCD,MOHCD 100% Affordable,Multifamily Rental Program,Not in an OCII Project Area,New Construction,Rental,,,,,,,Mission Housing Development Properties III,,,,,,,0,0,0,0,0,0,0,0,0,0,0,0,0,0,0,0,0,0,0,0,0,0,0,0,0,0,0,0,0,0,0,0,37.7656304,-122.4195154,"(37.7656304, -122.4195154)"
2016-012,988 Harrison,(5) First Construction Document Issued,988 Harrison St,94107,3753,148,6,South of Market,South of Market,MOHCD,Inclusionary Housing,Inclusionary Housing Program,Not in an OCII Project Area,New Construction,Ownership,,,11/30/2018,10/03/2022,05/31/2019,,988 Harrison LLC,,,2014.0832,"2014.0832CUA,2014.0832E,2014.0832ENX,2014.0832PPA,2014.0832SHD,2014.0832U",02/25/2016,On-site BMR Project,90,12,13,0,0,0,0,0,0,0,0,12,0,0,0,0,0,0,0,0,0,12,0,0,0,0,0,0,0,0,0,0,37.7775621,-122.4039891,"(37.7775621, -122.4039891)"
2023-016,395 3rd St,(3) Design with Entitlements Approved,395 3rd St,94107,3750,86,6,South of Market,South of Market,MOHCD,Inclusionary Housing,Inclusionary Housing Program,Not in an OCII Project Area,New Construction,Rental,,,,,06/27/2025,,,,,2021-003762PRJ,,06/29/2023,On-site BMR Project; Fee Payment,524,84,16,0,15,48,21,0,0,0,0,0,0,0,0,0,0,0,0,0,49,0,0,17,0,0,0,18,0,0,0,0,37.78307,-122.3971373,"(37.78307, -122.3971373)"
2017-024,980 Folsom,(4) Site Work Permit Issued,980 Folsom St,94103,3732,"028, 035, 152",6,South of Market,South of Market,MOHCD,Inclusionary Housing,Inclusionary Housing Program,Not in an OCII Project Area,New Construction,Ownership,,,02/27/2019,,08/28/2019,,Goldman Architecture,,,2013.0977,"2013.0977E,2013.0977ENX,2013.0977PPA,2013.0977SHD,2013.0977TDM,2013.0977U",10/05/2017,On-site BMR Project,33,4,12,0,0,2,2,0,0,0,0,4,0,0,0,0,0,0,0,0,0,0,0,0,4,0,0,0,0,0,0,0,37.7790667,-122.4053434,"(37.7790667, -122.4053434)"
1997-015,Positive Match,(5) First Construction Document Issued,1652 Eddy St,94115,,,5,Western Addition,Western Addition,MOHCD/SFRA,MOHCD 100% Affordable,Multifamily Rental Program,Not in an OCII Project Area,Rehabilitation,Rental,04/28/1998,,10/30/2000,01/24/2001,,06/01/2025,Bernal Heights Housing Corporation,,,,,,,7,7,100,0,0,1,5,1,0,0,0,7,0,0,7,0,0,0,0,0,7,0,0,0,0,0,0,0,0,0,0,0,37.7812963,-122.4348841,"(37.7812963, -122.4348841)"
2017-038,78 Haight St (Parcel U),(5) First Construction Document Issued,78 Haight St,94102,853,21,6,Hayes Valley,Western Addition,MOHCD,MOHCD 100% Affordable,Multifamily Rental Program,Not in an OCII Project Area,New Construction,Rental,,03/15/2022,07/21/2020,10/26/2021,03/15/2022,12/31/2024,Tenderloin Neighborhood Development Corporation (TNDC),,Tenderloin Neighborhood Development Corporation (TNDC),2019-021893PRJ,,04/01/2020,,63,63,100,0,58,5,0,0,0,0,10,0,0,32,32,0,32,0,32,0,4,0,27,0,0,0,0,0,0,0,0,0,37.7731783,-122.4234008,"(37.7731783, -122.4234008)"
2001-015,The Dudley Apartments,(3) Design with Entitlements Approved,172-180 6th St,94103,3726,10,6,South of Market,South of Market,MOHCD,MOHCD 100% Affordable,Multifamily Rental Program,South of Market,Rehabilitation,Rental,,09/05/2018,09/24/2019,,09/05/2018,10/15/2020,Mercy Housing CA,,"Mercy Housing California XXII, LP",,,,,75,74,99,25,25,24,0,0,0,0,2,74,0,0,25,0,0,0,0,0,74,0,0,0,0,0,0,0,0,0,0,0,37.7799396,-122.4076033,"(37.7799396, -122.4076033)"
2023-004,2530 18th Homeless Prenatal Program Housing,(2) Predevelopment Feasibility,2530 18th St,94110,4014,002A,9,Mission,Mission,MOHCD,MOHCD 100% Affordable,Multifamily Rental Program,Not in an OCII Project Area,New Construction,Rental,06/01/2020,01/26/2026,,,01/26/2026,09/18/2027,Mercy Housing CA,Homeless Prenatal Program,"Mercy Housing 104, LP",,SB 35,06/29/2022,,74,73,99,0,0,37,30,6,0,0,12,73,0,0,37,0,37,0,0,0,54,0,15,4,0,0,0,0,0,0,0,0,37.76217,-122.4079379,"(37.76217, -122.4079379)"
2011-034,Parkmerced - Phase IC & 1D,(3) Design with Entitlements Approved,3711 19th Ave,94132,,,7,Lakeshore,Lakeshore,MOHCD,Inclusionary Housing,Inclusionary Housing Program,Not in an OCII Project Area,New Construction,Rental,,,,,02/08/2013,,Maximus,,,2008.0021,"2008.0021C,2008.0021E,2008.0021E_11,2008.0021E_3,2008.0021E_5,2008.0021E_7,2008.0021E_9,2008.0021K,2008.0021M,2008.0021P,2008.0021T,2008.0021U,2008.0021U_3,2008.0021W,2008.0021Z",02/10/2011,On-site BMR Project; Fee Payment,545,27,5,0,0,0,0,0,0,0,0,27,0,0,0,0,0,0,0,0,0,0,0,0,0,0,0,0,0,0,0,27,37.7205747,-122.4758423,"(37.7205747, -122.4758423)"
2019-018,95 Hawthorne,(3) Design with Entitlements Approved,95 Hawthorne St,94105,3735,12,6,South of Market,Financial District,MOHCD,Inclusionary Housing,Inclusionary Housing Program,Not in an OCII Project Area,New Construction,Rental,,,,,09/17/2021,,"Reuben, Junius & Rose, LLP",,,2016-001794PRJ,"2016-001794PRJ, 2016-001794DNXSHD, 2016-001794DNX, 2016-001794ENV",09/19/2019,On-site BMR Project,392,55,14,0,0,28,20,7,0,0,0,0,0,0,0,0,0,0,0,0,32,0,0,11,0,0,0,12,0,0,0,0,37.785042,-122.3979318,"(37.785042, -122.3979318)"
2016-124,300/350 Octavia,(5) First Construction Document Issued,300 Octavia St,94102,832,"092, 094",5,Hayes Valley,Western Addition,MOHCD,Inclusionary Housing,Inclusionary Housing Program,Not in an OCII Project Area,New Construction,Rental,,,06/21/2019,12/22/2020,10/16/2018,,DDG 235 Valencia Realty LLC,,,2014-002330PRJ,,10/17/2016,On-site BMR Project,24,3,13,0,2,1,0,0,0,0,0,0,0,0,0,0,0,0,0,0,0,3,0,0,0,0,0,0,0,0,0,0,37.7748568,-122.4239853,"(37.7748568, -122.4239853)"
2016-064,2435-2445 16th,(3) Design with Entitlements Approved,2345-2445 16th St,94110,3965,52,9,Mission,Mission,MOHCD,Inclusionary Housing,Inclusionary Housing Program,Not in an OCII Project Area,New Construction,Ownership,,,,,06/05/2019,,Steve Vettel,,,2014.1201,"2014.1201ENV,2014.1201ENX,2014.1201PPA,2014.1201SHD,2014.1201U",06/23/2016,On-site BMR Project,53,8,15,0,0,4,3,1,0,0,0,8,0,0,0,0,0,0,0,0,0,0,0,0,8,0,0,0,0,0,0,0,37.7655544,-122.4100177,"(37.7655544, -122.4100177)"
2021-026,560 Brannan,(3) Design with Entitlements Approved,560 Brannan St,94107,3777,44,6,South of Market,South of Market,MOHCD,Inclusionary Housing,Inclusionary Housing Program,Not in an OCII Project Area,New Construction,Rental,,,,,11/17/2023,01/10/2026,"560 Brannan Street, LLC",,"560 Brannan Street, LLC",2019-013276PRJ,"2019-013276PRJ, 2019-013276ENV, 2019-013276ENX,",11/18/2021,On-site BMR Project; Fee Payment,120,18,15,0,10,1,7,0,0,0,0,0,0,0,0,0,0,0,0,0,10,0,0,4,0,0,0,4,0,0,0,0,37.7774127,-122.3980103,"(37.7774127, -122.3980103)"
2015-066,967 Mission (Land Dedication Site),(2) Predevelopment Feasibility,967 Mission St,94103,3725,86,6,South of Market,South of Market,MOHCD,MOHCD 100% Affordable,Multifamily Rental Program,Not in an OCII Project Area,New Construction,Rental,,06/15/2025,,,06/15/2025,10/01/2027,The John Stewart Company (delete),Bayview Hunters Point Multipurpose Senior Services,,Not Yet Available,,,,95,94,99,0,30,64,0,0,0,0,45,0,94,0,24,0,24,40,8,0,20,0,26,0,0,0,0,0,0,0,0,0,37.7813102,-122.4077441,"(37.7813102, -122.4077441)"
2016-058,"HPSY I, Block 52 (Inclusionary)",(5) First Construction Document Issued,11 Jerrold Ave,94124,4591C,216,10,Bayview Hunters Point,Bayview,OCII,Other Ownership Programs,Limited Equity Program,HP Shipyard Phase 1,New Construction,Ownership,,07/01/2020,07/21/2020,08/25/2020,07/01/2020,06/01/2024,,,,Not Applicable,,06/07/2014,,77,9,12,0,3,3,3,0,0,0,0,0,0,0,0,0,0,0,0,0,0,0,0,9,0,0,0,0,0,0,0,0,37.7272087,-122.3694221,"(37.7272087, -122.3694221)"
2023-029,Portico (Treasure Island),(5) First Construction Document Issued,TBD Treasure Island,,,,6,Treasure Island,Treasure Island/YBI,MOHCD,Inclusionary Housing,Inclusionary Housing Program,Not in an OCII Project Area,New Construction,Ownership,,,,,,,,,,,,,On-site BMR Project,148,7,5,0,0,0,0,0,0,0,0,0,0,0,0,0,0,0,0,0,0,0,0,0,0,0,0,0,0,0,0,0,,,
1994-013,The Rose,(3) Design with Entitlements Approved,125 6th St,94103,,,6,South of Market,South of Market,SFRA,MOHCD 100% Affordable,Multifamily Rental Program,Not in an OCII Project Area,Rehabilitation,Rental,,,12/06/1996,,,02/16/2026,Mercy Housing CA,,,,,,,76,75,99,75,0,0,0,0,0,0,0,0,0,0,0,0,0,0,0,0,75,0,0,0,0,0,0,0,0,0,0,0,37.7808133,-122.4079781,"(37.7808133, -122.4079781)"
2019-034,2050 Van Ness / 1675 Pacific,(3) Design with Entitlements Approved,2050 Van Ness Ave,94109,595,8,3,Russian Hill,Nob Hill,MOHCD,Inclusionary Housing,Inclusionary Housing Program,Not in an OCII Project Area,New Construction,Rental,,,,,07/23/2021,,,,,2014.1573,,07/25/2019,On-site BMR Project,63,11,17,0,0,8,2,1,0,0,0,0,0,0,0,0,0,0,0,0,0,6,0,2,0,0,0,3,0,0,0,0,37.794632,-122.4229336,"(37.794632, -122.4229336)"
2016-013,1567 California,(4) Site Work Permit Issued,1567 California St,94109,645,15,3,Nob Hill,Nob Hill,MOHCD,Inclusionary Housing,Inclusionary Housing Program,Not in an OCII Project Area,New Construction,Rental,,,12/14/2021,,02/23/2018,,"1567 California, LLC",,,2018-011249PRJ,"2018-011249PRJ, 2018-011249CUA, 2018-011249CUA-02",02/25/2016,On-site BMR Project; Fee Payment,100,9,9,0,2,3,3,1,0,0,0,8,0,0,0,0,0,0,0,0,5,0,0,2,0,0,0,2,0,0,0,0,37.7903476,-122.420037,"(37.7903476, -122.420037)"
2022-006,2055 Chestnut,(3) Design with Entitlements Approved,2055 Chestnut St,94123,491,9,2,Marina,Marina,MOHCD,Inclusionary Housing,Inclusionary Housing Program,Not in an OCII Project Area,New Construction,Rental,,,,,03/22/2024,05/16/2026,Prado Group,,The Bruni Company,2018-009081PRJ,2018-009081CUA,03/24/2022,On-site BMR Project,49,9,18,0,0,6,2,1,0,0,0,0,0,0,0,0,0,0,0,0,0,5,0,2,0,0,2,0,0,0,0,0,37.800481,-122.4369544,"(37.800481, -122.4369544)"
2020-023,1120 Valencia,(4) Site Work Permit Issued,1120 Valencia St,94110,3635,4,9,Mission,Mission,MOHCD,Inclusionary Housing,Inclusionary Housing Program,Not in an OCII Project Area,New Construction,Rental,,,04/25/2022,,09/15/2022,,,,,2018-017328PRJ,,09/16/2020,On-site BMR Project,18,2,11,0,0,1,1,0,0,0,0,0,0,0,0,0,0,0,0,0,0,2,0,0,0,0,0,0,0,0,0,0,37.7548848,-122.4212694,"(37.7548848, -122.4212694)"
2015-038,525 Harrison,(3) Design with Entitlements Approved,525 Harrison St,94105,3764,63,6,Financial District/South Beach,South of Market,MOHCD,Inclusionary Housing,Inclusionary Housing Program,Not in an OCII Project Area,New Construction,Rental,,,,,09/22/2017,,Hines Interests Ltd.,,,2013.0159,"2013.0159E,2013.0159T,2013.0159U,2013.0159X,2013.0159Z",09/24/2015,On-site BMR Project,205,25,12,0,5,9,11,0,0,0,0,25,0,0,0,0,0,0,0,0,0,0,0,0,25,0,0,0,0,0,0,0,37.7853948,-122.3933584,"(37.7853948, -122.3933584)"
2017-011,555 Howard,(4) Site Work Permit Issued,555 Howard St,94105,3736,86,6,Financial District/South Beach,Financial District,MOHCD,Inclusionary Housing,Inclusionary Housing Program,Not in an OCII Project Area,New Construction,Ownership,,,11/28/2018,,05/29/2019,,Pacific Howard Corporation,,,2015-008058PRJ,"2015-008058CUA,2015-008058DNX,2015-008058ENV,2015-008058PPA,2015-008058SHD",03/02/2017,On-site BMR Project,69,10,14,0,0,3,5,2,0,0,0,10,0,0,0,0,0,0,0,0,0,0,0,0,10,0,0,0,0,0,0,0,37.7874206,-122.3969288,"(37.7874206, -122.3969288)"
2019-017,3314 Cesar Chavez,(3) Design with Entitlements Approved,3314 Cesar Chavez St,94110,6571,12,9,Mission,Mission,MOHCD,Inclusionary Housing,Inclusionary Housing Program,Not in an OCII Project Area,New Construction,Ownership,,,,,08/20/2021,,Riyad Ghannam,,,2014-003160PRJ,"2014-003160PRJ, 2014-003160CUA, 2014-003160ENV, 2014-003160MCM",08/22/2019,On-site BMR Project,57,11,19,0,0,6,5,0,0,0,0,11,0,0,0,0,0,0,0,0,0,0,0,6,0,0,2,0,0,3,0,0,37.748623,-122.4165172,"(37.748623, -122.4165172)"
2016-072,651 Geary,(4) Site Work Permit Issued,651 Geary St,94102,318,20,5,Tenderloin,Downtown/Civic Center,MOHCD,Inclusionary Housing,Inclusionary Housing Program,Not in an OCII Project Area,New Construction,Ownership,,,12/04/2018,,06/04/2019,,Geary Place LLC,,,2014.0482,"2014.0482C,2014.0482PPA,2014.0482U,2014.0482VAR",07/07/2016,On-site BMR Project,52,6,12,0,1,3,2,0,0,0,0,6,0,0,0,0,0,0,0,0,0,0,0,0,6,0,0,0,0,0,0,0,37.786363,-122.4139383,"(37.786363, -122.4139383)"
2018-003,135 Hyde,(4) Site Work Permit Issued,135 Hyde St,94102,346,2,5,Tenderloin,Downtown/Civic Center,MOHCD,Inclusionary Housing,Inclusionary Housing Program,Not in an OCII Project Area,New Construction,Rental,,,06/28/2019,,03/27/2020,,Elevation Architects,,,2015-015203PRJ,"2015-015203DNX,2015-015203ENV,2015-015203PPA,2015-015203SHD,2015-015203TDM,2015-015203VAR",03/29/2018,On-site BMR Project,69,10,14,0,0,9,1,0,0,0,0,10,0,0,0,0,0,0,0,0,0,10,0,0,0,0,0,0,0,0,0,0,37.7823062,-122.4158755,"(37.7823062, -122.4158755)"
2020-014,Treasure Island E1.2 - Senior,(1) Preliminary Phase,TBD Treasure Island,,,,6,Treasure Island,Treasure Island/YBI,MOHCD,MOHCD 100% Affordable,Multifamily Rental Program,Not in an OCII Project Area,New Construction,Rental,,02/28/2026,,,02/28/2026,11/30/2027,Mercy Housing CA,,Mercy Housing CA,,,,,100,99,99,0,0,95,5,0,0,0,0,0,99,0,0,0,0,0,61,0,0,0,0,37,0,0,0,0,0,0,1,0,,,
2022-007,375 14th St,(5) First Construction Document Issued,375 14th St,94103,3547,018B,9,Mission,Mission,MOHCD,MOHCD Preservation,Small Sites Program,Not in an OCII Project Area,Rehabilitation,Rental,02/01/2022,07/01/2024,,,07/01/2024,08/01/2025,San Francisco Housing Development Corporation,,San Francisco Housing Development Corporation,2022-003455PRL,,,,16,16,100,0,12,4,0,0,0,0,0,0,0,0,0,0,0,0,0,0,0,0,0,16,0,0,0,0,0,0,0,0,37.7679557,-122.4215833,"(37.7679557, -122.4215833)"
2016-100,"HPSY II-CP, Block 4B",(1) Preliminary Phase,Address not yet assigned,94124,,,10,Bayview Hunters Point,Bayview,OCII,MOHCD 100% Affordable,Multifamily Rental Program,Candlestick Point,New Construction,Rental,,12/01/2031,,,12/01/2031,12/22/2033,,,,Not Applicable,,,,90,89,99,0,0,0,0,0,0,0,0,89,0,0,0,0,0,0,0,0,0,0,0,0,0,0,0,0,0,0,0,89,37.72873834,-122.3658928,"(37.72873834, -122.3658928)"
2013-064,2293 Powell,(3) Design with Entitlements Approved,2293 Powell St,94133,41,154,3,North Beach,North Beach,MOHCD,Inclusionary Housing,Inclusionary Housing Program,Not in an OCII Project Area,New Construction,Rental,,,,,12/07/2017,,Cynthia Wong,,,2013.0341,"2013.0341CND,2013.0341E,2013.0341U,2013.0341VAR",12/09/2015,On-site BMR Project,17,2,12,0,0,1,1,0,0,0,0,2,0,0,0,0,0,0,0,0,0,2,0,0,0,0,0,0,0,0,0,0,37.8056297,-122.4121655,"(37.8056297, -122.4121655)"
2018-008,600 Van Ness,(4) Site Work Permit Issued,600 Van Ness Ave,94102,763,"006, 007, 008, 009",5,Tenderloin,Downtown/Civic Center,MOHCD,Inclusionary Housing,Inclusionary Housing Program,Not in an OCII Project Area,New Construction,Rental,,,12/03/2018,,06/03/2019,,"Reuben, Junius & Rose, LLP",,,2015-012729PRJ,"2015-012729CUA,2015-012729ENV,2015-012729PPA,2015-012729SHD,2015-012729TDM",05/24/2018,On-site BMR Project,168,24,14,0,11,8,5,0,0,0,0,24,0,0,0,0,0,0,0,0,0,24,0,0,0,0,0,0,0,0,0,0,37.781355,-122.4200786,"(37.781355, -122.4200786)"
2022-011,5250 3rd St,(3) Design with Entitlements Approved,5250 3rd St,94124,5411,10,10,Bayview Hunters Point,Bayview,MOHCD,Inclusionary Housing,Inclusionary Housing Program,Not in an OCII Project Area,New Construction,Rental,,,,,06/14/2024,,"Leavitt Architecture, Inc.",,,2021-010017AHB,2021-010017AHB,06/16/2022,On-site BMR Project,100,30,30,0,5,12,6,7,0,0,0,0,0,0,0,0,0,0,0,0,0,10,0,10,0,0,0,10,0,0,0,0,37.73,-122.3927607,"(37.73, -122.3927607)"
2015-006c,SFCLT Scattered Sites - 568-570 Natoma,(5) First Construction Document Issued,568-570 Natoma St,94103,3726,74,6,South of Market,South of Market,MOHCD,MOHCD Preservation,Small Sites Program,Not in an OCII Project Area,Rehabilitation,Rental,04/01/2016,11/15/2017,11/14/2017,,11/15/2017,04/28/2024,San Francisco Community Land Trust,,San Francisco Community Land Trust,2017-013954PRL,,,,5,5,100,0,0,5,0,0,0,0,0,5,0,0,0,0,0,0,0,0,0,0,0,5,0,0,0,0,0,0,0,0,37.7790456,-122.4093058,"(37.7790456, -122.4093058)"
2020-040,725 Jamestown,(3) Design with Entitlements Approved,725 Jamestown Ave,94124,4991,276,10,Bayview Hunters Point,Bayview,MOHCD,Inclusionary Housing,Inclusionary Housing Program,Not in an OCII Project Area,New Construction,Ownership,,,,,07/23/2022,,"J. Abrams Law, PC",,,2019-002743PRJ,"2019-002743PPA, 2019-002743CRV",07/24/2020,On-site BMR Project; Fee Payment,122,22,18,0,0,0,0,0,0,0,0,0,0,0,0,0,0,0,0,0,0,0,0,0,0,0,0,0,0,0,0,0,37.7151087,-122.3891697,"(37.7151087, -122.3891697)"
2017-047,772 Pacific Ave,(2) Predevelopment Feasibility,772 Pacific Ave,94133,161,15,3,Chinatown,Chinatown,MOHCD,MOHCD 100% Affordable,Multifamily Rental Program,Not in an OCII Project Area,New Construction,Rental,,11/01/2027,,,11/01/2027,11/30/2030,Chinatown Community Development Center,,,Not Yet Available,,,,175,174,99,0,124,50,1,0,0,0,0,0,174,0,40,0,40,0,40,0,5,0,128,0,0,0,0,0,0,0,0,0,37.796959,-122.408054,"(37.796959, -122.408054)"
2023-030,Treasure Island Parcel C2.3,(2) Predevelopment Feasibility,TBD Treasure Island,,,,6,Treasure Island,Treasure Island/YBI,MOHCD,Inclusionary Housing,Inclusionary Housing Program,Not in an OCII Project Area,New Construction,Ownership,,,,,,,,,,,,,On-site BMR Project,83,4,5,0,0,0,0,0,0,0,0,0,0,0,0,0,0,0,0,0,0,0,0,0,0,0,0,0,0,0,0,0,,,
2006-021d,Hunters View Phase III,(5) First Construction Document Issued,201 West Point Rd,94124,4624,32,10,Bayview Hunters Point,Bayview,MOHCD,MOHCD 100% Affordable,HOPE SF,Not in an OCII Project Area,New Construction,Rental,,05/31/2023,06/05/2023,,05/31/2023,07/09/2025,The John Stewart Company,Devine & Gong/Ridgepoint,"HV Partners 3, LP",2009.1075,2009.1075F,,,118,117,99,0,0,52,10,16,34,5,19,117,0,0,0,0,0,0,0,16,0,64,37,0,0,0,0,0,0,0,0,0,37.7355043,-122.3798466,"(37.7355043, -122.3798466)"
2015-033e,Sunnydale Block 9,(3) Design with Entitlements Approved,1652 Sunnydale Ave,94134,6310,1,10,Visitacion Valley,Visitacion Valley,MOHCD,MOHCD 100% Affordable,HOPE SF,Not in an OCII Project Area,New Construction,Rental,,06/13/2025,,,06/13/2025,02/19/2027,Related California,Mercy Housing CA,,2010.0305PHA-06,,,,95,94,99,0,0,10,51,21,12,0,15,94,0,0,0,0,0,0,29,0,49,0,12,0,0,0,0,0,0,0,0,4,37.71362,-122.4219625,"(37.71362, -122.4219625)"
2006-027,125 Mason,(2) Predevelopment Feasibility,125 Mason St,,,,5,Tenderloin,Downtown/Civic Center,MOHCD,Inclusionary Housing,Bond Financed Inclusionary Housing,Not in an OCII Project Area,Rehabilitation,Rental,,,04/18/2007,06/01/2007,,11/18/2008,Tenderloin Neighborhood Development Corporation (TNDC),,,,,,Units for Off-site Project,81,80,99,0,0,22,33,20,4,0,8,80,0,0,0,0,0,0,0,0,0,0,28,45,0,0,0,0,0,0,0,0,37.78478,-122.4097458,"(37.78478, -122.4097458)"
2023-009,249 Pennsylvania Family,(2) Predevelopment Feasibility,249 Pennsylvania Ave,94107,3999,15,10,Potrero Hill,Potrero Hill,MOHCD,MOHCD 100% Affordable,Multifamily Rental Program,Not in an OCII Project Area,New Construction,Rental,,06/01/2026,06/01/2026,06/01/2026,06/01/2026,12/01/2028,Tenderloin Neighborhood Development Corporation (TNDC),Young Community Developers,"249 Pennsylvania Associates, LP",,,,,120,119,99,0,50,0,39,30,0,0,12,119,0,0,60,0,60,0,60,0,18,0,27,14,0,0,0,0,0,0,0,0,37.7633284,-122.393385,"(37.7633284, -122.393385)"
2020-025,4128 3rd St,(4) Site Work Permit Issued,4128 3rd St,94124,5260,36,10,Bayview Hunters Point,Bayview,OCII,Inclusionary Housing,OCII Inclusionary Rental Program,Bayview Hunters Point,New Construction,Ownership,,,06/29/2020,,04/06/2025,,,,,,,04/07/2020,,8,1,13,0,0,0,1,0,0,0,0,0,0,0,0,0,0,0,0,0,0,0,0,0,0,1,0,0,0,0,0,0,37.7399584,-122.3891555,"(37.7399584, -122.3891555)"
2016-088,Transbay Block 2 West (Senior),(5) First Construction Document Issued,Address not yet assigned,94105,,,6,Financial District/South Beach,South of Market,OCII,MOHCD 100% Affordable,Multifamily Rental Program,Transbay,New Construction,Rental,,03/11/2024,10/24/2023,02/06/2024,03/11/2024,01/15/2026,Chinatown Community Development Center,,Chinatown Community Development Center,Not Applicable,,11/01/2022,,151,150,99,0,39,111,0,0,0,0,76,0,150,0,30,0,30,0,24,0,66,0,60,0,0,0,0,0,0,0,0,0,37.78912663,-122.3927322,"(37.78912663, -122.3927322)"
2023-007,650 Divisadero St,(2) Predevelopment Feasibility,650 Divisadero St,94117,1202,002B,5,Hayes Valley,Western Addition,MOHCD,MOHCD 100% Affordable,Multifamily Rental Program,Not in an OCII Project Area,New Construction,Rental,,,,,,,Jonathan Rose Companies,Young Community Developers,Jonathan Rose Companies,,,,,95,94,99,0,25,17,24,28,0,0,0,94,0,0,24,0,24,0,0,0,0,0,0,0,0,0,0,0,0,0,0,94,37.7757868,-122.4375637,"(37.7757868, -122.4375637)"
2021-017,4716-4722 Mission,(3) Design with Entitlements Approved,4716-4722 Mission St,94112,6955,"014, 015",11,Outer Mission,Outer Mission,MOHCD,Inclusionary Housing,Inclusionary Housing Program,Not in an OCII Project Area,New Construction,Rental,,,,,07/21/2023,09/13/2025,Tortilla Flats LLC,,,2018-002625PRJ,,07/22/2021,On-site BMR Project,24,3,13,0,0,2,0,1,0,0,0,0,0,0,0,0,0,0,0,0,0,0,0,0,0,0,0,0,0,0,0,3,37.722785,-122.4364401,"(37.722785, -122.4364401)"
1995-019,Hazel Betsey,(5) First Construction Document Issued,3554 17th St,94110,,,8,Mission,Mission,SFRA,MOHCD 100% Affordable,Multifamily Rental Program,Not in an OCII Project Area,Rehabilitation,Rental,03/15/1996,,11/19/1996,,,06/01/2025,Bernal Heights Housing Corporation,,,,,,,9,9,100,0,6,3,0,0,0,0,0,9,0,0,9,0,0,0,0,0,9,0,0,0,0,0,0,0,0,0,0,0,37.7632715,-122.4250137,"(37.7632715, -122.4250137)"
2015-055,475 Minna,(3) Design with Entitlements Approved,475 Minna St,94103,3725,68,6,South of Market,South of Market,MOHCD,Inclusionary Housing,Inclusionary Housing Program,Not in an OCII Project Area,New Construction,Rental,,,,,12/08/2017,,John Jensen,,,2018-016055PRJ,"2014.1442DNX,2014.1442ENV,2014.1442U",12/10/2015,On-site BMR Project,266,109,41,109,0,0,0,0,0,0,0,0,0,0,0,0,0,0,0,0,0,22,0,79,3,0,0,5,0,0,0,0,37.7809723,-122.4073861,"(37.7809723, -122.4073861)"
2021-002,1055 Texas (formerly 999 Texas St),(3) Design with Entitlements Approved,1055 Texas St,94107,4224,178,10,Potrero Hill,Potrero Hill,MOHCD,Inclusionary Housing,Inclusionary Housing Program,Not in an OCII Project Area,New Construction,Rental,,,07/17/2024,,01/13/2023,,TM Build LLC,,,2018-015815PRJ,"RA 2022089791, 2018-015815PRJ, 2018-015815AHB, 2018-015815ENV, Motion 2033, NSR 2021079436",01/14/2021,On-site BMR Project,25,6,24,0,1,1,4,0,0,0,0,0,0,0,0,0,0,0,0,0,0,2,0,2,0,0,0,2,0,0,0,0,37.7529232,-122.3946203,"(37.7529232, -122.3946203)"
2009-002,180 Jones  / 181 Turk,(5) First Construction Document Issued,180 Jones St,94102,343,14,5,Tenderloin,Downtown/Civic Center,MOHCD,Inclusionary Housing,Inclusionary Housing Program,Not in an OCII Project Area,New Construction,Ownership,,,09/11/2020,05/31/2022,03/09/2016,,Eddie Tsang,,,2005.0267,"2005.0267C,2005.0267E,2005.0267K,2005.0267V",03/05/2009,On-site BMR Project,37,4,11,0,0,2,2,0,0,0,0,4,0,0,0,0,0,0,0,0,0,0,0,0,0,4,0,0,0,0,0,0,37.78312308,-122.4122116,"(37.78312308, -122.4122116)"
2016-099,"HPSY II-CP, Block 6B",(1) Preliminary Phase,Address not yet assigned,94124,,,10,Bayview Hunters Point,Bayview,OCII,MOHCD 100% Affordable,Multifamily Rental Program,Candlestick Point,New Construction,Rental,,06/01/2029,,,06/01/2029,06/24/2031,,,,Not Applicable,,,,105,104,99,0,0,0,0,0,0,0,0,104,0,0,0,0,0,0,0,0,0,0,0,0,0,0,0,0,0,0,0,104,37.71240103,-122.3824572,"(37.71240103, -122.3824572)"
2023-003,40-42 Sycamore,(2) Predevelopment Feasibility,40-42 Sycamore St,94110,3576,68,9,Mission,Mission,MOHCD,MOHCD Preservation,Small Sites Program,Not in an OCII Project Area,Rehabilitation,Rental,06/01/2023,,,,,,Mission Economic Development Agency,,,,,,,5,5,100,0,1,2,2,0,0,0,0,0,0,0,0,0,0,0,0,0,0,0,5,0,0,0,0,0,0,0,0,0,37.76284,-122.4203078,"(37.76284, -122.4203078)"
2017-035,3601 Lawton,(3) Design with Entitlements Approved,3601 Lawton St,94122,1901,1,4,Sunset/Parkside,Outer Sunset,MOHCD,Inclusionary Housing,Inclusionary Housing Program,Not in an OCII Project Area,New Construction,Ownership,,,,,12/20/2019,,Kodorski Design Inc,,,2015-009053PRJ,"2015-009053CUA,2015-009053ENV,2015-009053PPA,2015-009053PPA-02,2015-009053TDM",12/21/2017,On-site BMR Project,41,10,24,0,0,7,3,0,0,0,0,0,0,0,0,0,0,0,0,4,0,0,0,0,0,0,3,0,0,3,0,0,37.7565277,-122.50174,"(37.7565277, -122.50174)"
2017-040,Shirley Chisholm Village,(5) First Construction Document Issued,1360 43rd Ave,94122,1797,7,4,Sunset/Parkside,Outer Sunset,MOHCD,MOHCD 100% Affordable,Multifamily Rental Program,Not in an OCII Project Area,New Construction,Rental,,08/01/2022,01/11/2021,06/09/2022,08/01/2022,09/09/2024,MidPen Housing,,"MP Francis Scott Key 1, LLC",2018-015768PRJ,,,,135,134,99,0,24,43,58,9,0,0,22,134,0,0,0,0,0,0,0,8,12,0,14,33,0,34,0,0,33,0,0,0,37.7616533,-122.5020244,"(37.7616533, -122.5020244)"
2016-079,Casa Adelante at 1515 South Van Ness,(4) Site Work Permit Issued,1515 South Van Ness Ave,94110,6571,8,9,Mission,Mission,MOHCD,MOHCD 100% Affordable,Multifamily Rental Program,Not in an OCII Project Area,New Construction,Rental,,06/30/2024,,,06/30/2024,03/31/2026,Chinatown Community Development Center,Mission Economic Development Agency,,2014.102,"2014.1020CUA,2014.1020ENV,2014.1020U",08/11/2016,,168,167,99,0,15,32,76,44,0,0,27,125,0,0,42,0,42,40,17,12,35,0,45,18,0,0,0,0,0,0,0,0,37.7489588,-122.4154739,"(37.7489588, -122.4154739)"
2023-014,4550-4570 Mission St,(3) Design with Entitlements Approved,4550-4570 Mission St,94112,3148,1,11,Excelsior,Outer Mission,MOHCD,Inclusionary Housing,Inclusionary Housing Program,Not in an OCII Project Area,New Construction,Rental,,,,,03/21/2025,,,,,2012-000438PRJ,,03/23/2023,On-site BMR Project,69,17,25,0,0,9,6,2,0,0,0,0,0,0,0,0,0,0,0,0,0,7,0,5,0,0,0,5,0,0,0,0,37.72513,-122.4348174,"(37.72513, -122.4348174)"
2017-023,301 6th St,(4) Site Work Permit Issued,301 6th St,94107,3753,122,6,South of Market,South of Market,MOHCD,Inclusionary Housing,Inclusionary Housing Program,Not in an OCII Project Area,New Construction,Rental,,,03/26/2019,,09/24/2019,,"Reuben, Junius & Rose, LLP",,,2013.0538,"2013.0538E,2013.0538ENX,2013.0538SHD,2013.0538TDM,2013.0538U",10/05/2017,On-site BMR Project,95,13,14,0,3,5,5,0,0,0,0,13,0,0,0,0,0,0,0,0,0,13,0,0,0,0,0,0,0,0,0,0,37.77849,-122.4051002,"(37.77849, -122.4051002)"
2021-008,6424 3rd St,(3) Design with Entitlements Approved,6424 3rd St,94123,5470,2,10,Bayview Hunters Point,Bayview,MOHCD,Inclusionary Housing,Inclusionary Housing Program,Not in an OCII Project Area,New Construction,Ownership,,,,,05/12/2023,07/05/2025,Antrea Investments & Trading LLC,,,2014.1058,2014.1058CUA,05/13/2021,On-site BMR Project,17,2,12,0,0,1,1,0,0,0,0,0,0,0,0,0,0,0,0,0,0,0,0,0,0,0,0,0,0,0,0,2,37.7198578,-122.3971341,"(37.7198578, -122.3971341)"
2023-021,3975 24th St,(2) Predevelopment Feasibility,3975 24th St,94114,6508,028A,8,Noe Valley,Noe Valley,MOHCD,MOHCD Preservation,Small Sites Program,Not in an OCII Project Area,Rehabilitation,Rental,01/24/2024,,,,,01/01/2025,San Francisco Community Land Trust,,,,,,,4,4,100,0,2,2,0,0,0,0,0,4,0,0,0,0,0,0,0,0,0,0,0,4,0,0,0,0,0,0,0,0,37.75122,-122.4311651,"(37.75122, -122.4311651)"
2021-028,425 Broadway,(3) Design with Entitlements Approved,425 Broadway,94133,163,2,3,North Beach,Financial District,MOHCD,Inclusionary Housing,Inclusionary Housing Program,Not in an OCII Project Area,New Construction,Ownership,,,,,12/15/2023,02/07/2026,Ian Birchall,,,2017-015678PRJ,"2024-005966CUA, 2024-005966PRJ (Modified Project), 2024-005966CUA",12/16/2021,On-site BMR Project; Fee Payment,42,5,12,0,0,2,2,1,0,0,0,0,0,0,0,0,0,0,0,0,0,0,0,3,0,0,1,0,0,1,0,0,37.7979292,-122.404285,"(37.7979292, -122.404285)"
2020-028,4200 Geary,(5) First Construction Document Issued,4200 Geary Blvd,94118,1438,017A,1,Inner Richmond,Inner Richmond,MOHCD,MOHCD 100% Affordable,Multifamily Rental Program,Not in an OCII Project Area,New Construction,Rental,,04/03/2023,08/20/2021,03/24/2023,04/03/2023,01/06/2025,Tenderloin Neighborhood Development Corporation (TNDC),,"4200 Geary Associates, L.P.",2020-006779PRJ,,,,98,97,99,0,41,56,0,0,0,0,49,0,97,0,20,0,20,0,0,0,67,0,30,0,0,0,0,0,0,0,0,0,37.7812315,-122.4645175,"(37.7812315, -122.4645175)"
2024-002,2901 16th,(1) Preliminary Phase,2901 16th St,94103,3570,1,9,Mission,Mission,MOHCD,MOHCD Preservation,Big Sites Program,Not in an OCII Project Area,Rehabilitation,Rental,,,,,,,Mission Economic Development Agency,,Mission Economic Development Agency,,,,,63,63,100,2,55,6,0,0,0,0,0,0,0,0,0,0,0,0,0,0,0,0,0,0,0,0,0,0,0,0,0,63,37.765,-122.4169986,"(37.765, -122.4169986)"
2018-019,450 O'Farrell St,(4) Site Work Permit Issued,450 O'Farrell St,94102,317,"007, 009, 011",5,Tenderloin,Downtown/Civic Center,MOHCD,Inclusionary Housing,Inclusionary Housing Program,Not in an OCII Project Area,New Construction,Rental,,,05/13/2020,,09/11/2020,,450 O'Farrell Partners LLC,,,2013.1535,"2013.1535CUA,2013.1535ENV,2013.1535PPA,2013.1535SHD,2013.1535TDM,2013.1535U",09/13/2018,On-site BMR Project,176,23,13,0,5,9,9,0,0,0,0,23,0,0,0,0,0,0,0,0,0,23,0,0,0,0,0,0,0,0,0,0,37.7861242,-122.4124393,"(37.7861242, -122.4124393)"
2017-030,2670 Geary,(3) Design with Entitlements Approved,2670 Geary Blvd,94118,1071,3,2,Presidio Heights,Presidio Heights,MOHCD,Inclusionary Housing,Inclusionary Housing Program,Not in an OCII Project Area,New Construction,Rental,,,,,11/29/2019,12/01/2026,RG Architecture,,,2014-002181PRJ,"2014-002181CUA,2014-002181ENV,2014-002181PPA,2014-002181TDM,2014-002181VAR",11/30/2017,On-site BMR Project,95,22,23,0,15,0,7,0,0,0,0,22,0,0,0,0,0,0,0,0,0,22,0,0,0,0,0,0,0,0,0,0,37.7828725,-122.4476615,"(37.7828725, -122.4476615)"
2016-073,1740 Market,(4) Site Work Permit Issued,1740 Market St,94102,855,10,6,Hayes Valley,Western Addition,MOHCD,Inclusionary Housing,Inclusionary Housing Program,Not in an OCII Project Area,New Construction,Rental,,,12/05/2018,,06/05/2019,,Warner Schmalz,,,2014.0409,"2014.0409CUA,2014.0409ENV,2014.0409PPA,2014.0409U,2014.0409VAR",07/28/2016,On-site BMR Project,100,12,12,0,1,5,4,2,0,0,0,12,0,0,0,0,0,0,0,0,0,12,0,0,0,0,0,0,0,0,0,0,37.772544,-122.4230862,"(37.772544, -122.4230862)"
2020-019,Balboa Reservoir Building A,(3) Design with Entitlements Approved,TBD Brighton Paseo Way,,,,7,West of Twin Peaks,West of Twin Peaks,MOHCD,MOHCD 100% Affordable,Multifamily Rental Program,Not in an OCII Project Area,New Construction,Rental,,02/13/2026,,05/01/2025,05/01/2025,02/03/2028,BRIDGE Housing,,,,,,,159,157,99,0,17,46,53,41,0,0,16,157,0,0,0,0,0,0,0,40,0,0,39,78,0,0,0,0,0,0,0,0,,,
2017-020,1726-1730 Mission,(4) Site Work Permit Issued,1726 Mission St,94103,3532,004A,9,Mission,Mission,MOHCD,Inclusionary Housing,Inclusionary Housing Program,Not in an OCII Project Area,New Construction,Ownership,,,07/31/2018,,01/29/2019,,"Reuben, Junius & Rose, LLP",,,2014-002026PRJ,"2014-002026ENV,2014-002026ENX,2014-002026PPA",06/01/2017,On-site BMR Project,40,7,18,0,0,4,3,0,0,0,0,7,0,0,0,0,0,0,0,0,0,0,0,0,7,0,0,0,0,0,0,0,37.7694534,-122.4203873,"(37.7694534, -122.4203873)"
2021-022,3832 18th St,(3) Design with Entitlements Approved,3832 18th St,94114,3580,18,8,Castro/Upper Market,Castro/Upper Market,MOHCD,Inclusionary Housing,Inclusionary Housing Program,Not in an OCII Project Area,New Construction,Ownership,,,,,10/13/2023,12/06/2025,"Reuben, Junius & Rose, LLP",,,2020-001610PRJ,,10/14/2021,On-site BMR Project; Fee Payment,19,3,16,3,0,0,0,0,0,0,0,0,0,0,0,0,0,0,0,0,0,0,0,3,0,0,0,0,0,0,0,0,37.7614712,-122.4292163,"(37.7614712, -122.4292163)"
2020-015,Potrero Yard Affordable Housing,(1) Preliminary Phase,2888 Bryant St,94110,3971,1,9,Mission,Mission,MOHCD,MOHCD 100% Affordable,Multifamily Rental Program,Not in an OCII Project Area,New Construction,Rental,,12/30/2025,,,12/30/2025,12/28/2027,Mission Economic Development Agency,Tabernacle Community Development Corporation,"PY Bryant Street Housing, LP",,,03/15/2024,,100,99,99,0,27,14,34,25,0,0,0,0,0,0,0,0,0,0,0,0,0,0,99,0,0,0,0,0,0,0,0,0,37.7637807,-122.4089416,"(37.7637807, -122.4089416)"
1990-003,William Penn Hotel,(3) Design with Entitlements Approved,160 Eddy St,94102,,,5,Tenderloin,Downtown/Civic Center,MOHCD,MOHCD 100% Affordable,Multifamily Rental Program,Not in an OCII Project Area,Rehabilitation,Rental,,02/26/2024,11/08/1991,,02/26/2024,02/26/2025,Chinatown Community Development Center,,,,,,,91,91,100,89,0,2,0,0,0,0,0,0,0,0,10,0,0,0,0,0,0,0,0,0,0,0,0,0,0,0,0,0,37.7845452,-122.4102661,"(37.7845452, -122.4102661)"
2016-095,Hunters Point Shipyard Block 56,(5) First Construction Document Issued,11 Innes Ct,94124,4591C,"084, 085, 086, 087",10,Bayview Hunters Point,Bayview,OCII,MOHCD 100% Affordable,Multifamily Rental Program,HP Shipyard Phase 1,New Construction,Rental,,05/25/2023,04/26/2021,03/15/2023,05/25/2023,01/31/2025,Mercy Housing CA,SFHDC,Mercy Housing CA,Not Applicable,,,,73,72,99,0,4,18,31,16,2,1,11,72,0,0,0,0,0,0,0,0,72,0,0,0,0,0,0,0,0,0,0,0,37.7273365,-122.3683374,"(37.7273365, -122.3683374)"
2023-005,629 Post,(2) Predevelopment Feasibility,629 Post St,94102,305,32,3,Tenderloin,Downtown/Civic Center,MOHCD,MOHCD Preservation,Big Sites Program,Not in an OCII Project Area,Rehabilitation,Rental,06/06/2023,,,,,03/01/2025,Swords to Plowshares,,Swords to Plowshares,,,,,62,62,100,62,0,0,0,0,0,0,0,0,0,0,57,0,0,0,0,0,0,0,0,62,0,0,0,0,0,0,0,0,37.7881,-122.4099467,"(37.7881, -122.4099467)"
2019-029,1939 Market,(2) Predevelopment Feasibility,1939 Market St,94103,3501,6,8,Castro/Upper Market,Mission,MOHCD,MOHCD 100% Affordable,Multifamily Rental Program,Not in an OCII Project Area,New Construction,Rental,,11/15/2024,10/13/2023,,11/15/2024,09/15/2026,Mercy Housing CA,Openhouse,,2022-009171PRJ,,09/29/2023,,200,185,93,0,106,79,0,0,0,0,28,0,185,0,25,0,40,37,78,0,20,0,50,0,0,0,0,0,0,0,0,0,37.7699398,-122.4253535,"(37.7699398, -122.4253535)"
2019-035,344 14th St,(4) Site Work Permit Issued,344 14th St,94103,3532,13,9,Mission,Mission,MOHCD,Inclusionary Housing,Inclusionary Housing Program,Not in an OCII Project Area,New Construction,Rental,,,05/09/2022,,07/23/2021,,,,,2014.0948,,07/25/2019,On-site BMR Project; Fee Payment,62,8,13,0,1,2,5,0,0,0,0,8,0,0,0,0,0,0,0,0,5,0,0,1,0,0,0,2,0,0,0,0,37.768459,-122.4210715,"(37.768459, -122.4210715)"
2018-036,1052-1060 Folsom,(3) Design with Entitlements Approved,1052 Folsom St,94103,3731,87,6,South of Market,South of Market,MOHCD,Inclusionary Housing,Inclusionary Housing Program,Not in an OCII Project Area,New Construction,Rental,,07/01/2023,,,12/18/2020,,"Golden Properties, LLC",,,2016-004905PRJ,,12/20/2018,On-site BMR Project,59,14,24,0,0,6,8,0,0,0,0,14,0,0,0,0,0,0,0,0,0,10,0,2,0,0,0,2,0,0,0,0,37.7776682,-122.4070564,"(37.7776682, -122.4070564)"
2016-086,"Block 48, Phase 4 (Blocks D, E, Q)",(5) First Construction Document Issued,989 Oakdale Ave,94124,,,10,Bayview Hunters Point,Bayview,OCII,Other Ownership Programs,Limited Equity Program,HP Shipyard Phase 1,New Construction,Ownership,,05/01/2028,08/31/2021,,05/01/2028,06/30/2030,,,,Not Applicable,,03/03/2015,,73,10,14,0,0,6,4,0,0,0,0,10,0,0,0,0,0,0,0,0,0,0,0,10,0,0,0,0,0,0,0,0,37.7282288,-122.3791517,"(37.7282288, -122.3791517)"
2016-022,430 Eddy,(3) Design with Entitlements Approved,430 Eddy St,94109,334,8,5,Tenderloin,Downtown/Civic Center,MOHCD,Inclusionary Housing,Inclusionary Housing Program,Not in an OCII Project Area,New Construction,Ownership,,,,,03/16/2018,,430 Eddy Associates LLC,,,2014.04,"2014.0400CUA,2014.0400E,2014.0400PPA,2014.0400SHD,2014.0400U",03/17/2016,On-site BMR Project,23,3,13,0,3,0,0,0,0,0,0,3,0,0,0,0,0,0,0,0,0,0,0,0,3,0,0,0,0,0,0,0,37.783937,-122.4148271,"(37.783937, -122.4148271)"
2019-025,3945 Judah St,(5) First Construction Document Issued,3945 Judah St,94122,1809,23,4,Sunset/Parkside,Outer Sunset,MOHCD,Inclusionary Housing,Inclusionary Housing Program,Not in an OCII Project Area,New Construction,Rental,,,10/27/2021,05/11/2023,11/05/2021,10/01/2024,,,,2018-000468PRJ,,11/07/2019,On-site BMR Project,20,5,25,0,0,3,2,0,0,0,0,5,0,0,0,0,0,0,0,0,0,2,0,2,0,0,0,1,0,0,0,0,37.7602689,-122.5045207,"(37.7602689, -122.5045207)"
2024-001,1979 Mission Permanent Supportive Housing,(1) Preliminary Phase,1979 Mission St,94103,,,9,Mission,Mission,MOHCD,MOHCD 100% Affordable,Multifamily Rental Program,Not in an OCII Project Area,New Construction,Rental,,,,,,,Mission Housing Development Corporation,Mission Economic Development Agency,,,,,,150,149,99,0,120,29,1,0,0,0,0,0,0,0,149,0,149,0,120,0,0,0,29,0,0,0,0,0,0,0,0,0,,,
2018-048,1924 Mission,(4) Site Work Permit Issued,1924 Mission St,94103,3554,003A,9,Mission,Mission,MOHCD,Inclusionary Housing,Inclusionary Housing Program,Not in an OCII Project Area,New Construction,Rental,,,08/22/2019,,02/20/2020,04/15/2022,,,,2014.0449,,03/27/2019,On-site BMR Project,11,1,9,0,0,1,0,0,0,0,0,1,0,0,0,0,0,0,0,0,0,1,0,0,0,0,0,0,0,0,0,0,37.7663116,-122.420008,"(37.7663116, -122.420008)"
2016-081,"Block 48, Phase 1 (Blocks A, B, F, G, J)",(5) First Construction Document Issued,898 La Salle Ave,94124,,,10,Bayview Hunters Point,Bayview,OCII,Other Ownership Programs,Limited Equity Program,HP Shipyard Phase 1,New Construction,Ownership,,04/01/2020,09/12/2017,09/12/2017,04/01/2020,11/01/2028,,,,Not Applicable,,03/03/2015,,174,25,14,0,0,9,15,1,0,0,0,25,0,0,0,0,0,0,0,0,0,0,0,22,0,0,0,0,3,0,0,0,37.7280824,-122.373687,"(37.7280824, -122.373687)"
1990-001,San Cristina,(5) First Construction Document Issued,1000 Market St,94102,350,1,5,Tenderloin,Downtown/Civic Center,MOHCD,MOHCD 100% Affordable,Multifamily Rental Program,Not in an OCII Project Area,Rehabilitation,Rental,,01/15/2020,06/21/2022,,01/15/2020,09/13/2024,HomeRise,,HomeRise,2020-000113PRJ,,,,58,58,100,58,0,0,0,0,0,0,8,0,0,0,58,0,0,0,0,0,58,0,0,0,0,0,0,0,0,0,0,0,37.7819457,-122.4111248,"(37.7819457, -122.4111248)"
2012-001f,Alice Griffith Phase 5 (Blocks 14 & 15),(2) Predevelopment Feasibility,Address not yet assigned,94124,,,10,Bayview Hunters Point,Bayview,OCII,MOHCD 100% Affordable,HOPE SF,Candlestick Point,New Construction,Rental,,06/01/2035,,,06/01/2035,12/01/2036,McCormack Baron Salazar,,Entity to be formed,Not Applicable,,,,36,35,97,0,0,0,0,0,29,6,4,35,0,0,0,0,0,0,0,0,30,0,5,0,0,0,0,0,0,0,0,0,37.71876424,-122.3877345,"(37.71876424, -122.3877345)"
2024-004,Normandy Apartments,(1) Preliminary Phase,1155 Ellis St,94109,735,31,5,Western Addition,Western Addition,MOHCD,MOHCD Preservation,Big Sites Program,Not in an OCII Project Area,Rehabilitation,Rental,,,,,,,Tenderloin Neighborhood Development Corporation (TNDC),,Tenderloin Neighborhood Development Corporation (TNDC),,,,,108,108,100,0,78,30,0,0,0,0,0,0,0,0,0,0,0,0,0,0,0,0,0,0,0,0,0,0,0,0,0,108,,,
2018-007,429 Beale (aka 430 Main),(3) Design with Entitlements Approved,429 Beale St,94105,3767,"305, 306",6,Financial District/South Beach,South of Market,MOHCD,Inclusionary Housing,Inclusionary Housing Program,Not in an OCII Project Area,New Construction,Rental,,,,,05/22/2020,,"Reuben, Junius & Rose, LLP",,,2014-002033PRJ,"2014-002033DNX,2014-002033ENV,2014-002033PPA,2014-002033TDM",05/24/2018,On-site BMR Project,144,19,13,0,8,3,8,0,0,0,0,19,0,0,0,0,0,0,0,0,0,19,0,0,0,0,0,0,0,0,0,0,37.7872364,-122.3903951,"(37.7872364, -122.3903951)"
2016-112,524 Howard,(3) Design with Entitlements Approved,524 Howard St,94105,3721,13,6,Financial District/South Beach,Financial District,MOHCD,Inclusionary Housing,Inclusionary Housing Program,Not in an OCII Project Area,New Construction,Rental,,,,,11/02/2018,,"J. Abrams Law, PC",,,2013.0882,"2013.0882DNX,2013.0882ENV,2013.0882SHD,2013.0882U,2013.0882VAR",11/03/2016,On-site BMR Project,334,50,15,0,0,0,0,0,0,0,0,50,0,0,0,0,0,0,0,0,0,0,0,0,0,0,0,0,0,0,0,0,37.788032,-122.3969707,"(37.788032, -122.3969707)"
2019-008,33 Norfolk St,(4) Site Work Permit Issued,33 Norfolk St,94103,3521,"053A, 093",6,Mission,South of Market,MOHCD,Inclusionary Housing,Inclusionary Housing Program,Not in an OCII Project Area,New Construction,Ownership,,,06/26/2019,,12/25/2019,12/31/2024,The International Land Group,,,2014.0008,,04/26/2019,On-site BMR Project,19,3,16,0,2,1,0,0,0,0,0,0,0,0,0,0,0,0,0,0,0,0,0,0,3,0,0,0,0,0,0,0,37.7712588,-122.4140004,"(37.7712588, -122.4140004)"
2015-006a,SFCLT Scattered Sites - 308 Turk,(5) First Construction Document Issued,308 Turk St,94102,337,7,5,Tenderloin,Downtown/Civic Center,MOHCD,MOHCD Preservation,Small Sites Program,Not in an OCII Project Area,Rehabilitation,Rental,06/17/2015,11/23/2015,10/10/1986,,11/23/2015,06/06/2024,San Francisco Community Land Trust,,San Francisco Community Land Trust,Not Applicable,,,,20,20,100,0,20,0,0,0,0,0,0,20,0,0,0,0,0,0,0,0,0,0,0,20,0,0,0,0,0,0,0,0,37.7830393,-122.4144162,"(37.7830393, -122.4144162)"
2023-006,3300 Mission,(2) Predevelopment Feasibility,3300 Mission St,94110,6635,1,9,Bernal Heights,Bernal Heights,MOHCD,MOHCD 100% Affordable,Multifamily Rental Program,Not in an OCII Project Area,New Construction,Rental,,,,,,,Bernal Heights Neighborhood Center,Tabernacle Community Development Corporation,,,,,,35,34,97,0,35,0,0,0,0,0,6,34,0,0,0,0,0,0,11,0,0,0,10,13,0,0,0,0,0,0,0,0,37.74387,-122.4213072,"(37.74387, -122.4213072)"
2020-018,Balboa Reservoir Building E,(3) Design with Entitlements Approved,TBD Lee Ave,,,,7,West of Twin Peaks,West of Twin Peaks,MOHCD,MOHCD 100% Affordable,Multifamily Rental Program,Not in an OCII Project Area,New Construction,Rental,,06/13/2025,,,06/13/2025,06/11/2027,BRIDGE Housing,,,2018-007883PHA-03,File Number 200423,,,128,127,99,0,0,56,40,32,0,0,20,128,0,0,0,0,0,0,31,0,36,0,60,0,0,0,0,0,0,0,0,0,,,
2024-003,2059 Mission,(1) Preliminary Phase,2059 Mission St,94110,3570,23,9,Mission,Mission,MOHCD,MOHCD Preservation,Big Sites Program,Not in an OCII Project Area,Rehabilitation,Rental,,,,,,,Mission Economic Development Agency,,Mission Economic Development Agency,,,,,35,35,100,2,28,4,1,0,0,0,0,0,0,0,0,0,0,0,0,0,0,0,0,0,0,0,0,0,0,0,0,35,37.7640485,-122.4192952,"(37.7640485, -122.4192952)"
2018-013,2140 Market,(3) Design with Entitlements Approved,2140 Market St,94114,3542,8,8,Castro/Upper Market,Castro/Upper Market,MOHCD,Inclusionary Housing,Inclusionary Housing Program,Not in an OCII Project Area,New Construction,Rental,,,,,07/29/2020,,,,,2014-002035PRJ,"11148PRV,11461PRV,2014-002035CUA,2014-002035ENV,2014-002035PPA,2014-002035TDM,2014-002035VAR",07/31/2018,On-site BMR Project,91,13,14,0,8,0,5,0,0,0,0,0,0,0,0,0,0,0,0,0,9,0,0,1,0,0,0,3,0,0,0,0,37.7671503,-122.4299587,"(37.7671503, -122.4299587)"
2020-034,30 Van Ness,(4) Site Work Permit Issued,30 Van Ness Ave,94102,835,4,6,Tenderloin,Downtown/Civic Center,MOHCD,Inclusionary Housing,Inclusionary Housing Program,Not in an OCII Project Area,New Construction,Ownership,,,08/25/2021,03/16/2023,,,,,,2017-008051PRJ,,,On-site BMR Project,333,83,25,0,7,24,40,12,0,0,0,0,0,0,0,0,0,0,0,0,0,0,0,33,0,0,17,0,0,33,0,0,37.7759792,-122.4191875,"(37.7759792, -122.4191875)"
2018-014,280 7th St,(3) Design with Entitlements Approved,280 7th St,94103,3730,290,6,South of Market,South of Market,MOHCD,Inclusionary Housing,Inclusionary Housing Program,Not in an OCII Project Area,New Construction,Ownership,,,,,07/24/2020,,"Dragonfly Assets C-54, LLC",,,2016-004946PRJ,"2016-004946ENV,2016-004946ENX,2016-004946PPA,2016-004946SHD,2016-004946TDM",07/26/2018,On-site BMR Project,20,2,10,0,0,1,1,0,0,0,0,2,0,0,0,0,0,0,0,0,0,0,0,0,2,0,0,0,0,0,0,0,37.7768471,-122.4085162,"(37.7768471, -122.4085162)"
2023-027,Hawkins/C2.2,(5) First Construction Document Issued,77 Bruton St,94130,,,6,Treasure Island,Treasure Island/YBI,MOHCD,Inclusionary Housing,Inclusionary Housing Program,Not in an OCII Project Area,New Construction,Rental,,,07/08/2022,08/29/2022,,12/31/2024,Lennar,,,2007.0903,,,On-site BMR Project,178,9,5,0,0,0,0,0,0,0,0,0,0,0,0,0,0,0,0,0,0,0,0,0,0,0,0,0,0,0,0,0,,,
2022-009,350 Ocean,(3) Design with Entitlements Approved,350 Ocean Ave,94112,3212,23,11,Outer Mission,Outer Mission,MOHCD,Inclusionary Housing,Inclusionary Housing Program,Not in an OCII Project Area,New Construction,Rental,,,,,05/17/2024,,Jeremy Schaub,,,2017-001961PRJ,2017-001961CUA,05/19/2022,On-site BMR Project; Fee Payment,35,6,17,0,1,2,3,0,0,0,0,0,0,0,0,0,0,0,0,0,4,0,0,1,0,0,0,1,0,0,0,0,37.72303,-122.4440006,"(37.72303, -122.4440006)"
2017-037,Star View Court (Treasure Island C3.1),(5) First Construction Document Issued,78 Johnson St,94130,,,6,Treasure Island,Treasure Island/YBI,MOHCD,MOHCD 100% Affordable,Multifamily Rental Program,Not in an OCII Project Area,New Construction,Rental,,05/24/2022,04/13/2021,11/17/2021,05/24/2022,10/30/2024,Mercy Housing CA,,"Mercy Housing California 82, LP",2007.0903PHA-02,,03/26/2020,,138,137,99,0,0,23,60,40,14,0,21,134,0,0,66,0,0,0,0,0,71,0,0,31,12,0,0,0,0,23,0,0,37.82160713,-122.3731752,"(37.82160713, -122.3731752)"
1990-015,Knox SRO,(5) First Construction Document Issued,241 6th St,94103,,,6,South of Market,South of Market,MOHCD,MOHCD 100% Affordable,Multifamily Securities Program,Not in an OCII Project Area,Rehabilitation,Rental,,01/25/2024,07/20/1994,,01/25/2024,05/01/2025,TODCO,,TODCO,,,,,140,140,100,126,14,0,0,0,0,0,14,0,0,0,30,0,30,30,0,0,0,0,110,0,0,0,0,0,0,0,0,0,37.7794257,-122.406262,"(37.7794257, -122.406262)"
2011-003,600 7th St (Land Dedication Site),(5) First Construction Document Issued,600 7th St,94103,3783,1,6,South of Market,South of Market,MOHCD,MOHCD 100% Affordable,Multifamily Rental Program,Not in an OCII Project Area,New Construction,Rental,,08/15/2022,11/22/2021,08/01/2022,08/15/2022,11/29/2024,Mercy Housing CA,,"Mercy Housing California 97, LLC",2020-009570PRJ,,,,221,220,100,0,100,23,82,15,0,0,34,100,0,0,120,0,120,0,65,0,78,0,41,36,0,0,0,0,0,0,0,0,37.7726254,-122.4031382,"(37.7726254, -122.4031382)"
2023-034,401 South Van Ness,(3) Design with Entitlements Approved,401 South Van Ness Ave,94103,3552,25,9,Mission,Mission,MOHCD,Inclusionary Housing,Inclusionary Housing Program,Not in an OCII Project Area,New Construction,Rental,,,,,10/24/2025,,,,,,,10/26/2023,On-site BMR Project; Fee Payment,149,26,17,26,0,0,0,0,0,0,0,0,0,0,0,0,0,0,0,0,0,16,0,5,0,0,0,5,0,0,0,0,37.76653,-122.417387,"(37.76653, -122.417387)"
2019-023,262 7th St,(3) Design with Entitlements Approved,262 7th St,94103,3730,7,6,South of Market,South of Market,MOHCD,Inclusionary Housing,Inclusionary Housing Program,Not in an OCII Project Area,New Construction,Rental,,,,,10/01/2021,11/25/2023,Nader Heydayian,,,2014.0334PRJ,2014.0334PRJ,10/03/2019,On-site BMR Project,96,17,18,17,0,0,0,0,0,0,0,0,0,0,0,0,0,0,0,0,0,9,0,4,0,0,0,4,0,0,0,0,37.777076,-122.4085833,"(37.777076, -122.4085833)"
2023-028,4199 Mission,(3) Design with Entitlements Approved,4199 Mission St,94112,5869,14,11,Excelsior,Excelsior,MOHCD,Inclusionary Housing,Inclusionary Housing Program,Not in an OCII Project Area,New Construction,Ownership,,,,,07/31/2025,,"4199 Mission Street, LLC",,,2020-004806PRJ,2020-004806AHB,08/02/2023,On-site BMR Project,40,12,30,0,0,4,7,1,0,0,0,0,0,0,0,0,0,0,0,0,0,0,0,4,0,0,4,0,0,4,0,0,37.73016,-122.4295619,"(37.73016, -122.4295619)"
2016-096,"HPSY II-CP, Block 7",(1) Preliminary Phase,Address not yet assigned,94124,,,10,Bayview Hunters Point,Bayview,OCII,MOHCD 100% Affordable,Multifamily Rental Program,Candlestick Point,New Construction,Rental,,06/01/2028,,,06/01/2028,06/01/2030,,,,Not Applicable,,,,60,59,98,0,0,0,0,0,0,0,0,59,0,0,0,0,0,0,0,0,0,0,59,0,0,0,0,0,0,0,0,59,37.71648001,-122.3872743,"(37.71648001, -122.3872743)"
2023-037,5425 Mission,(2) Predevelopment Feasibility,5425 Mission St,94112,6468,19,11,Excelsior,Crocker Amazon,MOHCD,Inclusionary Housing,Inclusionary Housing Program,Not in an OCII Project Area,New Construction,Rental,,,,,,,,,,,,,On-site BMR Project,29,6,21,0,0,4,2,0,0,0,0,0,0,0,0,0,0,0,0,0,0,3,0,2,0,0,0,1,0,0,0,0,37.713,-122.439996,"(37.713, -122.439996)"
2023-012,1500 15th St,(3) Design with Entitlements Approved,1500 15th St,94103,3548,"016, 018",9,Mission,Mission,MOHCD,Inclusionary Housing,Inclusionary Housing Program,Not in an OCII Project Area,New Construction,Rental,,,,,01/24/2025,,Chris Elsey,,,2016-011827PRJ,"2016-011827PRJ, 2016-011827ENV, 2016-011827ENX,",01/26/2023,On-site BMR Project; Fee Payment,189,32,17,0,0,0,0,0,0,0,0,0,0,0,0,0,0,0,0,0,19,0,0,7,0,0,0,6,0,0,0,0,37.76704,-122.4180792,"(37.76704, -122.4180792)"
1984-004,Maria Alicia Apartments,(5) First Construction Document Issued,3090 16th St,94103,,,9,Mission,Mission,MOHCD,MOHCD 100% Affordable,Multifamily Rental Program,Not in an OCII Project Area,Rehabilitation,Rental,07/01/1989,10/22/2021,02/08/2022,,10/22/2021,01/15/1989,Mission Housing Development Corporation,,Mission Housing Development Corporation,,,,,21,20,95,0,0,1,2,11,6,0,0,20,0,0,0,0,0,0,0,0,0,0,19,0,0,0,0,0,0,0,0,0,37.7650899,-122.421551,"(37.7650899, -122.421551)"
2021-004,321 Florida,(3) Design with Entitlements Approved,321 Florida St,94110,3965,22,9,Mission,Mission,MOHCD,Inclusionary Housing,Inclusionary Housing Program,Not in an OCII Project Area,New Construction,Rental,,,,,02/24/2023,04/26/2025,DM Development,,,2018-016808PRJ,,02/25/2021,On-site BMR Project; Fee Payment,168,23,14,0,9,5,9,0,0,0,0,0,0,0,0,0,0,0,0,0,14,0,0,4,0,0,0,5,0,0,0,0,37.7649623,-122.4111428,"(37.7649623, -122.4111428)"
2015-033d,Sunnydale Block 7,(4) Site Work Permit Issued,1 Blythdale Ave,94134,6311,11,10,Visitacion Valley,Visitacion Valley,MOHCD,MOHCD 100% Affordable,HOPE SF,Not in an OCII Project Area,New Construction,Rental,,06/13/2025,06/11/2024,,06/13/2025,02/19/2027,Mercy Housing CA,Related California,,2010.0305PHA-05,,,,89,88,99,0,0,14,42,23,9,0,14,0,0,0,0,0,0,0,28,0,44,0,12,4,0,0,0,0,0,0,0,0,37.71092,-122.4205335,"(37.71092, -122.4205335)"
2021-016,1525 Pine,(3) Design with Entitlements Approved,1525 Pine St,94109,667,20,3,Nob Hill,Nob Hill,MOHCD,Inclusionary Housing,Inclusionary Housing Program,Not in an OCII Project Area,New Construction,Rental,,,,,07/21/2023,09/13/2025,1525 Pine Street Dev LLC,,,2015-009955PRJ,,07/22/2021,On-site BMR Project; Fee Payment,21,2,10,0,2,0,0,0,0,0,0,0,0,0,0,0,0,0,0,0,0,2,0,0,0,0,0,0,0,0,0,0,37.789368,-122.4208121,"(37.789368, -122.4208121)"
2016-002,"HPSY II-CPN, Block 10A",(3) Design with Entitlements Approved,Address not yet assigned,94124,,,10,Bayview Hunters Point,Bayview,OCII,MOHCD 100% Affordable,Multifamily Rental Program,Candlestick Point,New Construction,Rental,,06/01/2032,,,06/01/2032,06/01/2034,Tenderloin Neighborhood Development Corporation (TNDC),Young Community Developers,"Candlestick 10a Associates, LP",Not Applicable,,12/05/2017,,156,155,99,0,0,20,57,58,3,1,32,150,0,5,35,0,0,0,35,0,49,0,55,0,0,0,0,0,0,0,0,0,37.71485911,-122.3846363,"(37.71485911, -122.3846363)"
2017-031,2918 Mission,(5) First Construction Document Issued,2918 Mission St,94110,6529,2,9,Mission,Mission,MOHCD,Inclusionary Housing,Inclusionary Housing Program,Not in an OCII Project Area,New Construction,Rental,,07/01/2023,11/13/2018,11/16/2021,05/14/2019,,"RRTI, Inc.",,,2014.0376,"2014.0376CUA,2014.0376ENV,2014.0376LLA,2014.0376TDM,2014.0376U,2014.0376VAR",11/09/2018,On-site BMR Project,75,8,11,0,2,4,2,0,0,0,0,8,0,0,0,0,0,0,0,0,7,1,0,0,0,0,0,0,0,0,0,0,37.750313,-122.4185202,"(37.750313, -122.4185202)"
1993-006,Woolsey Apartments,(5) First Construction Document Issued,195 Woolsey St,,,,9,Portola,Excelsior,MOHCD,MOHCD 100% Affordable,Multifamily Rental Program,Not in an OCII Project Area,Rehabilitation,Rental,03/28/1994,,09/21/1994,,,06/01/2025,Bernal Heights Housing Corporation,,,,,,,10,10,100,0,10,0,0,0,0,0,0,9,0,0,0,0,0,0,0,0,2,0,8,0,0,0,0,0,0,0,0,0,37.724804,-122.4033152,"(37.724804, -122.4033152)"
2021-001,550 O'Farrell,(3) Design with Entitlements Approved,550 O'Farrell St,94102,318,9,5,Tenderloin,Downtown/Civic Center,MOHCD,Inclusionary Housing,Inclusionary Housing Program,Not in an OCII Project Area,New Construction,Rental,,,,,01/13/2023,03/08/2025,Sandhill O'Farrell LLC,,,2017-004557PRJ,,01/14/2021,On-site BMR Project; Fee Payment,111,22,20,0,0,7,12,3,0,0,0,0,0,0,0,0,0,0,0,0,0,13,0,4,0,0,0,5,0,0,0,0,37.7860041,-122.414018,"(37.7860041, -122.414018)"
2016-084,2675 Folsom,(4) Site Work Permit Issued,2675 Folsom St,94110,3639,"006, 007",9,Mission,Mission,MOHCD,Inclusionary Housing,Inclusionary Housing Program,Not in an OCII Project Area,New Construction,Rental,,,12/07/2018,,06/07/2019,,Muhammad A. Nadhiri,,,2014-000601PRJ,"2014-000601CUA,2014-000601ENX,2014-000601PPA",09/22/2016,On-site BMR Project,117,19,16,0,4,8,7,0,0,0,0,19,0,0,0,0,0,0,0,0,0,19,0,0,0,0,0,0,0,0,0,0,37.7546616,-122.4138825,"(37.7546616, -122.4138825)"
2016-110,1270 Mission,(4) Site Work Permit Issued,1270 Mission St,94103,3701,21,6,South of Market,South of Market,MOHCD,Inclusionary Housing,Inclusionary Housing Program,Not in an OCII Project Area,New Construction,Rental,,,10/17/2019,,10/26/2018,,AGI Avant,,,2014.0926,"2014.0926DNX,2014.0926GPA,2014.0926MAP,2014.0926PCA,2014.0926PPA,2014.0926SHD,2014.0926U,2014.0926VAR",10/27/2016,On-site BMR Project,299,64,21,0,16,33,12,3,0,0,0,64,0,0,0,0,0,0,0,0,0,61,0,0,3,0,0,0,0,0,0,0,37.776764,-122.4143463,"(37.776764, -122.4143463)"
2016-091,"HPSY I, Block 48 (OCII 1)",(1) Preliminary Phase,755 La Salle Ave,94124,4591D,"123, 133, 134, 135",10,Bayview Hunters Point,Bayview,OCII,MOHCD 100% Affordable,Multifamily Rental Program,HP Shipyard Phase 1,New Construction,Rental,,12/31/2028,,,12/31/2028,06/23/2030,,,,Not Applicable,,,,74,73,99,0,0,0,0,0,0,0,0,18,0,0,0,0,0,0,0,0,73,0,0,0,0,0,0,0,0,0,0,0,37.7280824,-122.3737078,"(37.7280824, -122.3737078)"
2022-012,5272-5280 3rd St,(3) Design with Entitlements Approved,5272-5280 3rd St,94124,5411,"014, 015",10,Bayview Hunters Point,Bayview,MOHCD,Inclusionary Housing,Inclusionary Housing Program,Not in an OCII Project Area,New Construction,Rental,,,,,11/15/2024,01/09/2027,Alfred Twu,,,2020-006131PRJ,,11/17/2022,On-site BMR Project; Fee Payment,12,1,8,0,0,0,1,0,0,0,0,0,0,0,0,0,0,0,0,0,1,0,0,0,0,0,0,0,0,0,0,0,37.72966,-122.3928513,"(37.72966, -122.3928513)"
2016-065,"HPSY I, Block 52 & 54",(5) First Construction Document Issued,151 Friedell St,94124,4591C,"043, 044, 047, 048",10,Bayview Hunters Point,Bayview,OCII,MOHCD 100% Affordable,Multifamily Rental Program,HP Shipyard Phase 1,New Construction,Rental,,05/25/2023,04/23/2020,03/10/2023,05/25/2023,06/20/2025,Jonathan Rose Companies,Bayview Hunters Point Multipurpose Senior Services,,Not Applicable,,,,112,110,98,0,0,49,29,23,8,1,18,110,0,0,0,0,0,0,4,9,97,0,0,0,0,0,0,0,0,0,0,0,37.7284177,-122.3696286,"(37.7284177, -122.3696286)"
2023-010,1234 Great Highway,(2) Predevelopment Feasibility,1234 Great Highway,94122,1701,6,4,Sunset/Parkside,Outer Sunset,MOHCD,MOHCD 100% Affordable,Multifamily Rental Program,Not in an OCII Project Area,New Construction,Rental,,,,,,,Tenderloin Neighborhood Development Corporation (TNDC),Self Help For The Elderly,,,,,,216,214,99,0,88,120,6,0,0,0,0,0,214,0,108,0,108,152,43,0,0,16,3,0,0,0,0,0,0,0,0,0,37.76309,-122.5095064,"(37.76309, -122.5095064)"
2016-047,"Block 48, Phase 2 (Blocks M, N1, N2, O, P)",(5) First Construction Document Issued,869 La Salle Ave,94124,4591D,5,10,Bayview Hunters Point,Bayview,OCII,Other Ownership Programs,Limited Equity Program,HP Shipyard Phase 1,New Construction,Ownership,,07/01/2025,04/27/2017,06/30/2021,07/01/2025,04/01/2027,Lennar,,,Not Applicable,,03/03/2015,,87,11,13,0,0,3,8,0,0,0,0,11,0,0,0,0,0,0,0,0,0,0,0,11,0,0,0,0,0,0,0,0,37.7280824,-122.3736884,"(37.7280824, -122.3736884)"
1992-008,Larkin Pine Senior Housing,(2) Predevelopment Feasibility,1303 Larkin St,94109,,,3,Nob Hill,Nob Hill,MOHCD,MOHCD 100% Affordable,Multifamily Rental Program,Not in an OCII Project Area,Rehabilitation,Rental,05/16/1991,02/01/2024,,,02/01/2024,06/01/2026,Chinatown Community Development Center,,Chinatown Community Development Center,,,,,63,62,98,60,0,2,0,0,0,0,0,0,63,0,0,0,0,0,0,0,0,0,62,0,0,0,0,0,0,0,0,0,37.7900251,-122.4190372,"(37.7900251, -122.4190372)"
2022-014,1196 Columbus,(3) Design with Entitlements Approved,1196 Columbus Ave,94133,43,7,3,North Beach,North Beach,MOHCD,Inclusionary Housing,Inclusionary Housing Program,Not in an OCII Project Area,New Construction,Rental,,,,,09/13/2024,,Elevation Architects,,,2020-006679PRJ,,09/15/2022,On-site BMR Project; Fee Payment,56,10,18,10,0,0,0,0,0,0,0,0,0,0,0,0,0,0,0,0,0,6,0,2,0,0,0,2,0,0,0,0,37.80536,-122.4174071,"(37.80536, -122.4174071)"
2018-041,1075-1089 Folsom,(4) Site Work Permit Issued,1075 Folsom St,94103,3754,"038, 039",6,South of Market,South of Market,MOHCD,Inclusionary Housing,Inclusionary Housing Program,Not in an OCII Project Area,New Construction,Rental,,,12/20/2019,,11/19/2020,,,,,2016-008438PRJ,,11/21/2018,On-site BMR Project,48,12,25,0,12,0,0,0,0,0,0,12,0,0,0,0,0,0,0,0,0,7,0,2,0,0,0,3,0,0,0,0,37.776971,-122.4071354,"(37.776971, -122.4071354)"
2011-004,Parkmerced - Phase IA & 1B,(4) Site Work Permit Issued,3711 19th Ave,94132,,,7,Lakeshore,Lakeshore,MOHCD,Inclusionary Housing,Inclusionary Housing Program,Not in an OCII Project Area,New Construction,Rental,,,10/29/2018,,04/29/2019,,Maximus,,,2008.0021,"2008.0021C,2008.0021E,2008.0021E_11,2008.0021E_3,2008.0021E_5,2008.0021E_7,2008.0021E_9,2008.0021K,2008.0021M,2008.0021P,2008.0021T,2008.0021U,2008.0021U_3,2008.0021W,2008.0021Z",02/10/2011,On-site BMR Project; Fee Payment,957,48,5,0,10,21,11,6,0,0,0,48,0,0,0,0,0,0,0,0,0,0,48,0,0,0,0,0,0,0,0,0,37.7205747,-122.4758333,"(37.7205747, -122.4758333)"
2015-023,Merry Go Round Shared Housing,(5) First Construction Document Issued,2976 23rd St,94110,6959,33,9,Mission,Mission,MOHCD,MOHCD Preservation,Small Sites Program,Not in an OCII Project Area,Rehabilitation,Rental,05/28/2014,12/01/2019,10/15/2020,,12/01/2019,01/01/2025,San Francisco Community Land Trust,,San Francisco Community Land Trust,Not Applicable,,,,14,14,100,14,0,0,0,0,0,0,0,0,0,0,0,0,0,0,0,0,0,0,0,14,0,0,0,0,0,0,0,0,37.7544462,-122.4116967,"(37.7544462, -122.4116967)"
2020-035,1088 Howard,(4) Site Work Permit Issued,1088 Howard St,94103,3726,30,6,South of Market,South of Market,MOHCD,Inclusionary Housing,Inclusionary Housing Program,Not in an OCII Project Area,New Construction,Ownership,,,04/28/2021,,10/22/2022,12/15/2024,,,,2017-009796PRJ,,10/23/2020,On-site BMR Project,24,3,13,0,0,2,1,0,0,0,0,0,0,0,0,0,0,0,0,0,0,0,0,3,0,0,0,0,0,0,0,0,37.7784205,-122.4092899,"(37.7784205, -122.4092899)"
2011-036,Parkmerced - Subsequent Phases,(3) Design with Entitlements Approved,3711 19th Ave,94132,,,7,Lakeshore,Lakeshore,MOHCD,Inclusionary Housing,Inclusionary Housing Program,Not in an OCII Project Area,New Construction,Rental,,,,,12/11/2018,,Maximus,,,2008.0021,"2008.0021C,2008.0021E,2008.0021E_11,2008.0021E_3,2008.0021E_5,2008.0021E_7,2008.0021E_9,2008.0021K,2008.0021M,2008.0021P,2008.0021T,2008.0021U,2008.0021U_3,2008.0021W,2008.0021Z",02/10/2011,On-site BMR Project; Fee Payment,3522,176,5,0,0,0,0,0,0,0,0,176,0,0,0,0,0,0,0,0,0,0,0,0,0,0,0,0,0,0,0,176,37.7205747,-122.4758421,"(37.7205747, -122.4758421)"
2017-018,519 Ellis,(3) Design with Entitlements Approved,519 Ellis St,94109,334,"028, 028A",5,Tenderloin,Downtown/Civic Center,MOHCD,Inclusionary Housing,Inclusionary Housing Program,Not in an OCII Project Area,New Construction,Ownership,,,,,06/11/2020,,"Reuben, Junius & Rose, LLP",,,2018-008501PRJ,,06/13/2018,On-site BMR Project,21,3,14,0,3,0,0,0,0,0,0,3,0,0,0,0,0,0,0,0,0,0,0,3,0,0,0,0,0,0,0,0,37.78439,-122.4149132,"(37.78439, -122.4149132)"
2016-090,Mission Bay South 4 East,(1) Preliminary Phase,3rd St,94158,8711,29,6,Mission Bay,South of Market,OCII,MOHCD 100% Affordable,Multifamily Rental Program,Mission Bay,New Construction,Rental,,12/01/2021,,,12/01/2021,12/01/2023,,,,Not Applicable,,,,165,164,99,0,0,0,0,0,0,0,0,164,0,0,0,0,0,0,0,0,0,0,164,0,0,0,0,0,0,0,0,0,37.772435,-122.3900868,"(37.772435, -122.3900868)"
2019-026,55 Belcher St,(4) Site Work Permit Issued,55 Belcher St,94114,3537,100,8,Castro/Upper Market,Castro/Upper Market,MOHCD,Inclusionary Housing,Inclusionary Housing Program,Not in an OCII Project Area,New Construction,Rental,,,02/15/2022,,11/19/2021,,,,,2016-003994PRJ,,11/21/2019,On-site BMR Project,25,5,20,0,0,3,2,0,0,0,0,5,0,0,0,0,0,0,0,0,0,3,0,1,0,0,0,1,0,0,0,0,37.7685697,-122.4298288,"(37.7685697, -122.4298288)"
2021-023,4512 23rd St,(3) Design with Entitlements Approved,4512 23rd St,94131,2800,5,8,Twin Peaks,Twin Peaks,MOHCD,Inclusionary Housing,Inclusionary Housing Program,Not in an OCII Project Area,New Construction,Rental,,,,,10/20/2023,12/13/2025,Paramount Estate LLC,,,2019-019698PRJ,"2019-019698PRJ, 2019-019698AHB, 2019-019698ENV,",10/21/2021,On-site BMR Project,13,3,23,0,1,1,1,0,0,0,0,0,0,0,0,0,0,0,0,0,0,1,0,1,0,0,0,1,0,0,0,0,37.752591,-122.4432667,"(37.752591, -122.4432667)"
2016-115,5 Thomas Mello Circle,(3) Design with Entitlements Approved,5 Thomas Mello Cir,94134,4991,75,10,Bayview Hunters Point,Bayview,MOHCD,Inclusionary Housing,Inclusionary Housing Program,Not in an OCII Project Area,New Construction,Ownership,,,,,11/16/2018,,Ocean Landing LLC,,,2015-009690PRJ,"2015-009690CND,2015-009690CUA,2015-009690DNX,2015-009690ENV,2015-009690PRV",11/17/2016,On-site BMR Project,585,72,12,0,0,43,20,9,0,0,0,72,0,0,0,0,0,0,0,0,0,0,0,0,72,0,0,0,0,0,0,0,37.7100985,-122.3938022,"(37.7100985, -122.3938022)"
2016-126,CPN-Block 2a,(3) Design with Entitlements Approved,Address not yet assigned,94124,,,10,Bayview Hunters Point,Bayview,OCII,Other Ownership Programs,Limited Equity Program,HP Shipyard Phase 2,New Construction,Ownership,,06/01/2032,,,06/01/2032,12/22/2033,,,,,,03/20/2018,,130,7,5,0,0,0,0,0,0,0,0,7,0,0,0,0,0,0,0,0,0,0,0,0,0,2,0,0,5,0,0,0,37.7154215,-122.3856205,"(37.7154215, -122.3856205)"
2023-017,2425 Post,(5) First Construction Document Issued,2425 Post St,94115,1080,30,2,Japantown,Western Addition,MOHCD,Temporary/Service Housing,Cooperative Living for Mental Health,Not in an OCII Project Area,Rehabilitation,Rental,11/15/2022,02/15/2024,,,02/15/2024,03/01/2025,"Conard House, Inc.",,,,,,,3,3,100,0,0,0,0,0,0,3,0,0,0,0,0,0,0,0,0,0,0,0,0,3,0,0,0,0,0,0,0,0,37.78381,-122.4417439,"(37.78381, -122.4417439)"
2022-013,555-585 Bryant,(5) First Construction Document Issued,555 Bryant St,94107,3776,40,6,South of Market,South of Market,MOHCD,Inclusionary Housing,Inclusionary Housing Program,Not in an OCII Project Area,New Construction,Rental,,,11/22/2022,12/29/2022,11/15/2024,05/01/2025,"Reuben, Junius & Rose, LLP",,,2021-000947PRJ,,11/17/2022,On-site BMR Project,500,78,16,0,0,0,0,0,0,0,0,0,0,0,0,0,0,0,0,0,46,0,0,16,0,0,0,16,0,0,0,0,37.77995,-122.3969386,"(37.77995, -122.3969386)"
2018-011,603 Tennessee,(5) First Construction Document Issued,603 Tennessee St,94107,3995,15,10,Potrero Hill,Potrero Hill,MOHCD,Inclusionary Housing,Inclusionary Housing Program,Not in an OCII Project Area,New Construction,Rental,,,06/26/2018,10/16/2018,10/16/2018,06/23/2023,Ed Hadad,,SOL Properties LLC,2015-011202PRJ,"2015-011202ENV,2015-011202PPA,2015-011202TDM,2015-011202VAR",01/30/2018,On-site BMR Project,24,3,13,0,1,0,2,0,0,0,0,0,0,0,0,0,0,0,0,0,0,3,0,0,0,0,0,0,0,0,0,0,37.7640252,-122.3895809,"(37.7640252, -122.3895809)"
2023-008,250 Laguna Honda,(2) Predevelopment Feasibility,250 Laguna Honda Blvd,94116,2819,51,7,West of Twin Peaks,West of Twin Peaks,MOHCD,MOHCD 100% Affordable,Multifamily Rental Program,Not in an OCII Project Area,New Construction,Rental,04/11/2024,,,,,07/01/2028,Mission Housing Development Corporation,,Mission Housing Development Corporation,,,,,115,114,99,0,0,25,59,30,0,0,8,114,0,0,29,0,29,29,6,5,6,0,6,62,0,0,0,0,0,0,0,0,37.7500654,-122.461206,"(37.7500654, -122.461206)"
2018-015,255 Shipley St,(5) First Construction Document Issued,255 Shipley St,94107,3753,70,6,South of Market,South of Market,MOHCD,Inclusionary Housing,Inclusionary Housing Program,Not in an OCII Project Area,New Construction,Rental,,,09/23/2021,08/12/2022,08/21/2020,,"Reuben, Junius & Rose, LLP",,,2016-012030PRJ,"2016-012030ENV,2016-012030ENX,2016-012030PPA",08/23/2018,On-site BMR Project,24,3,13,0,2,0,1,0,0,0,0,3,0,0,0,0,0,0,0,0,0,3,0,0,0,0,0,0,0,0,0,0,37.7788481,-122.4039604,"(37.7788481, -122.4039604)"
2016-057,101 Hyde,(1) Preliminary Phase,101 Hyde St,94102,346,003A,5,Tenderloin,Downtown/Civic Center,MOHCD,MOHCD 100% Affordable,Multifamily Rental Program,Not in an OCII Project Area,New Construction,Rental,,,,,,,,,,Not Yet Available,,,,85,84,99,0,0,0,0,0,0,0,0,84,0,0,0,0,0,0,0,0,0,0,0,0,0,0,0,0,0,0,0,84,37.7818595,-122.4158876,"(37.7818595, -122.4158876)"
2020-020,Balboa Reservoir Building B,(3) Design with Entitlements Approved,TBD Brighton Paseo Way,,,,7,West of Twin Peaks,West of Twin Peaks,MOHCD,MOHCD 100% Affordable,Multifamily Rental Program,Not in an OCII Project Area,New Construction,Rental,,12/09/2026,,,12/09/2026,06/01/2028,Mission Housing Development Corporation,,,,,,,70,69,99,0,0,22,29,18,0,0,10,0,0,0,0,0,0,0,8,12,13,0,15,21,0,0,0,0,0,0,0,0,,,
2016-089,Transbay Block 2 East (Family),(5) First Construction Document Issued,Address not yet assigned,94105,,,6,Financial District/South Beach,South of Market,OCII,MOHCD 100% Affordable,Multifamily Rental Program,Transbay,New Construction,Rental,,05/11/2024,11/17/2023,06/07/2024,05/11/2024,05/15/2026,Mercy Housing CA,,Mercy Housing CA,Not Applicable,,11/01/2022,,184,182,99,0,17,75,53,37,0,0,28,142,0,0,40,0,40,0,32,14,32,0,68,36,0,0,0,0,0,0,0,0,37.78940059,-122.3923853,"(37.78940059, -122.3923853)"
2016-017,"Block 48, Phase 3 (Blocks H, I, K, L)",(4) Site Work Permit Issued,979 Oakdale Ave,94124,5319,30,10,Bayview Hunters Point,Bayview,OCII,Other Ownership Programs,Limited Equity Program,HP Shipyard Phase 1,New Construction,Ownership,,03/01/2022,10/14/2021,,03/01/2022,04/01/2029,,,,Not Applicable,,03/03/2015,,70,10,14,0,0,6,4,0,0,0,0,10,0,0,0,0,0,0,0,0,0,0,0,10,0,0,0,0,0,0,0,0,37.7282288,-122.3791546,"(37.7282288, -122.3791546)"
2012-008,1150 16th  (AKA 1208 8th),(3) Design with Entitlements Approved,1150 16th St,94107,3821,9,6,Mission Bay,South of Market,MOHCD,Inclusionary Housing,Inclusionary Housing Program,Not in an OCII Project Area,New Construction,Ownership,,,,,04/11/2014,,Sergio Nibbi,,,2004.1004,"2004.1004C,2004.1004E,2004.1004E_3,2004.1004K,2004.1004S",04/12/2012,On-site BMR Project,15,2,13,0,0,1,1,0,0,0,0,2,0,0,0,0,0,0,0,0,0,0,0,0,0,2,0,0,0,0,0,0,37.7663194,-122.3987908,"(37.7663194, -122.3987908)"
2023-011,1010V Mission,(3) Design with Entitlements Approved,1010V Mission St,94103,3703,26,6,South of Market,South of Market,MOHCD,Inclusionary Housing,Inclusionary Housing Program,Not in an OCII Project Area,New Construction,Ownership,,,,,01/10/2025,,Sia Consulting Corp,,,2022-009297PRJ,"2022-009297PRJ, 2020-005514ENV, 2022-009297DNX",01/12/2023,On-site BMR Project; Fee Payment,57,13,23,13,0,0,0,0,0,0,0,0,0,0,0,0,0,0,0,0,0,0,0,7,0,0,3,0,0,3,0,0,37.78091,-122.4094361,"(37.78091, -122.4094361)"
2021-027,850 Bush,(3) Design with Entitlements Approved,850 Bush St,94108,274,8,3,Nob Hill,Nob Hill,MOHCD,Inclusionary Housing,Inclusionary Housing Program,Not in an OCII Project Area,New Construction,Ownership,,,,,12/15/2023,02/07/2026,"Leavitt Architecture, Inc.",,"Double-E, LLC",2015-005983PRJ,2015-005983PRJ,12/16/2021,On-site BMR Project,21,3,14,0,0,1,2,0,0,0,0,0,0,0,0,0,0,0,0,0,0,0,0,3,0,0,0,0,0,0,0,0,37.7900163,-122.4113567,"(37.7900163, -122.4113567)"
2015-006b,SFCLT Scattered Sites - Pigeon Palace,(5) First Construction Document Issued,2840-2848 Folsom St,94110,6520,7,9,Mission,Mission,MOHCD,MOHCD Preservation,Small Sites Program,Not in an OCII Project Area,Rehabilitation,Rental,09/10/2015,05/01/2016,07/18/2016,,05/01/2016,09/01/2024,San Francisco Community Land Trust,,San Francisco Community Land Trust,Not Applicable,,,,6,6,100,0,0,0,6,0,0,0,0,6,0,0,0,0,0,0,0,0,0,0,0,6,0,0,0,0,0,0,0,0,37.7518109,-122.4143074,"(37.7518109, -122.4143074)"
2021-009,2800 Geary,(3) Design with Entitlements Approved,2800 Geary Blvd,94118,1069,13,2,Presidio Heights,Presidio Heights,MOHCD,Inclusionary Housing,Inclusionary Housing Program,Not in an OCII Project Area,New Construction,Ownership,,,,,06/16/2023,08/09/2025,Elevation Architects,,,2019-023105PRJ,,06/17/2021,On-site BMR Project,42,13,31,0,0,0,0,0,0,0,0,0,0,0,0,0,0,0,0,0,0,0,0,5,0,0,4,0,0,4,0,0,37.7826327,-122.4494104,"(37.7826327, -122.4494104)"
2019-002,820 Post St,(3) Design with Entitlements Approved,820 Post St,94109,300,003C,3,Nob Hill,Downtown/Civic Center,MOHCD,Inclusionary Housing,Inclusionary Housing Program,Not in an OCII Project Area,New Construction,Ownership,,,,,02/19/2021,,Elevation Architects,,,2016-015997PRJ,,02/21/2019,On-site BMR Project,12,1,8,0,0,0,1,0,0,0,0,1,0,0,0,0,0,0,0,0,0,0,0,1,0,0,0,0,0,0,0,0,37.7875904,-122.4154643,"(37.7875904, -122.4154643)"
2016-133,Transbay Block 4 (Podium),(2) Predevelopment Feasibility,Address not yet assigned,94105,,,6,Financial District/South Beach,South of Market,OCII,Inclusionary Housing,OCII Inclusionary Rental Program,Transbay,New Construction,Rental,,09/01/2023,,,09/01/2023,09/01/2027,,,,Not Applicable,,,,202,201,100,0,22,75,83,21,0,0,0,201,0,0,0,0,0,0,0,20,20,0,50,60,26,25,0,0,0,0,0,0,37.79000867,-122.3935053,"(37.79000867, -122.3935053)"
2020-013,Kelsey Civic Center,(5) First Construction Document Issued,240 Van Ness Ave,94102,811,19,5,Tenderloin,Downtown/Civic Center,MOHCD,MOHCD 100% Affordable,Multifamily Rental Program,Not in an OCII Project Area,New Construction,Rental,,04/20/2023,01/24/2022,02/09/2023,04/20/2023,01/15/2025,Mercy Housing CA,The Kelsey,,2020-010648PRJ,SB 35,06/03/2021,,112,110,98,0,79,0,31,0,0,0,17,0,0,0,0,28,0,0,0,0,30,0,24,56,0,0,0,0,0,0,0,0,37.7780166,-122.419409,"(37.7780166, -122.419409)"
2020-039a,Verde (Mission Rock Parcel F),(5) First Construction Document Issued,1051 3rd St,94158,8719A,4,6,Mission Bay,South of Market,MOHCD,Inclusionary Housing,Inclusionary Housing Program,Not in an OCII Project Area,New Construction,Rental,,,,,10/25/2022,,,,,2013.0208PHA,,10/26/2020,On-site BMR Project,258,97,38,0,0,0,0,0,0,0,0,0,0,0,0,0,0,0,0,0,0,0,0,0,13,0,0,0,56,0,28,0,37.7738619,-122.3895974,"(37.7738619, -122.3895974)"
2017-007,1228 Folsom,(3) Design with Entitlements Approved,1228 Folsom St,94103,3729,11,6,South of Market,South of Market,MOHCD,Inclusionary Housing,Inclusionary Housing Program,Not in an OCII Project Area,New Construction,Ownership,,,,,01/04/2019,,RG Architecture,,,2014.0964,"2014.0964ENV,2014.0964ENX,2014.0964GEN-02,2014.0964PPA,2014.0964U,2014.0964VAR",01/05/2017,On-site BMR Project,24,3,13,0,0,2,1,0,0,0,0,3,0,0,0,0,0,0,0,0,0,0,0,0,3,0,0,0,0,0,0,0,37.7747743,-122.4108387,"(37.7747743, -122.4108387)"
2023-035,2395 Sacramento,(3) Design with Entitlements Approved,2395 Sacramento St,94115,637,16,2,Pacific Heights,Pacific Heights,MOHCD,Inclusionary Housing,Inclusionary Housing Program,Not in an OCII Project Area,New Construction,Ownership,,,,,11/07/2025,,,,,,,11/09/2023,On-site BMR Project,24,3,13,0,0,0,0,0,0,0,0,0,0,0,0,0,0,0,0,0,0,0,0,3,0,0,0,0,0,0,0,0,37.7899,-122.4320569,"(37.7899, -122.4320569)"
2017-045,730 Stanyan,(5) First Construction Document Issued,700-730 Stanyan St,94117,1249,24,5,Haight Ashbury,Haight Ashbury,MOHCD,MOHCD 100% Affordable,Multifamily Rental Program,Not in an OCII Project Area,New Construction,Rental,,12/01/2022,12/28/2022,06/15/2023,12/01/2022,07/01/2025,Chinatown Community Development Center,Tenderloin Neighborhood Development Corporation (TNDC),,2021-001053PRJ,SB35,06/15/2022,,160,159,99,0,35,42,42,40,0,0,32,127,0,20,12,0,32,40,16,0,36,0,39,28,0,0,0,0,0,0,0,0,37.7686903,-122.452984,"(37.7686903, -122.452984)"
2023-025,750 Golden Gate Phase I,(4) Site Work Permit Issued,750 Golden Gate Ave,94102,761,62,2,Western Addition,Downtown/Civic Center,MOHCD,MOHCD 100% Affordable,Multifamily Rental Program,Not in an OCII Project Area,New Construction,Rental,,12/12/2024,,,12/12/2024,12/14/2026,MidPen Housing,,,,,,,75,74,99,0,28,7,18,21,0,0,0,74,0,0,0,0,0,0,8,8,8,0,16,4,0,0,0,0,0,30,0,0,37.78073,-122.4230736,"(37.78073, -122.4230736)"
2012-001g,Alice Griffith Phase 6 (Block 9),(2) Predevelopment Feasibility,Address not yet assigned,94124,,,10,Bayview Hunters Point,Bayview,OCII,MOHCD 100% Affordable,HOPE SF,Candlestick Point,New Construction,Rental,06/01/2035,06/01/2035,,,06/01/2035,12/01/2036,McCormack Baron Salazar,,Entity to be formed,Not Applicable,,,,131,130,99,0,0,130,0,0,0,0,13,0,130,0,0,0,0,0,0,0,130,0,0,0,0,0,0,0,0,0,0,0,37.7188128,-122.3867481,"(37.7188128, -122.3867481)"
2016-097,Transbay Block 12,(1) Preliminary Phase,Address not yet assigned,94105,,,6,Financial District/South Beach,South of Market,OCII,MOHCD 100% Affordable,Multifamily Rental Program,Transbay,New Construction,Rental,,12/31/2029,,,12/31/2029,06/23/2031,,,,Not Applicable,,,,80,79,99,0,0,0,0,0,0,0,0,79,0,0,0,0,0,0,0,0,0,0,0,0,0,0,0,0,0,0,0,79,37.78431875,-122.3947246,"(37.78431875, -122.3947246)"
2016-129,CP-9a South,(3) Design with Entitlements Approved,89 Harney Way,94124,5000,35,10,Bayview Hunters Point,Bayview,OCII,Other Ownership Programs,Limited Equity Program,HP Shipyard Phase 2,New Construction,Ownership,,07/01/2023,,,07/01/2023,12/23/2023,,,,,,05/16/2017,,124,13,10,0,0,0,0,0,0,0,0,13,0,0,0,0,0,0,0,0,0,0,0,0,0,0,0,0,13,0,0,0,37.711111,-122.3864191,"(37.711111, -122.3864191)"
2016-049,901 16th (related to 1200 17th),(4) Site Work Permit Issued,901 16th St,94107,3949,1,10,Mission Bay,Potrero Hill,MOHCD,Inclusionary Housing,Inclusionary Housing Program,Not in an OCII Project Area,New Construction,Rental,,,03/19/1996,,05/11/2018,,"Potrero Partners, LLC",,,2011.13,"2011.1300E,2011.1300K,2011.1300PPA,2011.1300U,2011.1300X",05/12/2016,On-site BMR Project,260,42,16,0,8,17,15,2,0,0,0,42,0,0,0,0,0,0,0,0,0,0,0,0,42,0,0,0,0,0,0,0,37.7663067,-122.3952544,"(37.7663067, -122.3952544)"
2019-007,400-444 Divisadero St; 1048-1062 Oak St,(3) Design with Entitlements Approved,400 Divisadero St,94117,1216,"004, 017",5,Haight Ashbury,Western Addition,MOHCD,Inclusionary Housing,Inclusionary Housing Program,Not in an OCII Project Area,New Construction,Rental,,,,,05/21/2021,,Genesis CA Development LLC,,,2015-007816PRJ,,05/23/2019,On-site BMR Project,184,37,20,0,18,4,15,0,0,0,0,37,0,0,0,0,0,0,0,0,0,23,0,7,0,0,0,7,0,0,0,0,37.7730766,-122.4372621,"(37.7730766, -122.4372621)"
2020-042,Granada Hotel,(5) First Construction Document Issued,1000 Sutter St,94109,,,3,Nob Hill,Downtown/Civic Center,MOHCD,MOHCD 100% Affordable,Multifamily Rental Program,Not in an OCII Project Area,Rehabilitation,Rental,11/13/2020,,02/03/2022,,,01/31/2025,Episcopal Community Services,,Episcopal Community Services,,,,,214,212,99,212,0,0,0,0,0,0,0,0,0,0,212,0,212,0,0,0,212,0,0,0,0,0,0,0,0,0,0,0,37.78831,-122.4172425,"(37.78831, -122.4172425)"
2022-010,2955 Mission,(3) Design with Entitlements Approved,2955 Mission St,94110,6528,25,9,Mission,Mission,MOHCD,Inclusionary Housing,Inclusionary Housing Program,Not in an OCII Project Area,New Construction,Ownership,,,,,06/07/2024,,Sternberg Benjamin Architects,,,2019-023083PRJ,"2019-023083CUA, 2019-023083ENV,",06/09/2022,On-site BMR Project; Fee Payment,18,18,100,0,6,4,7,1,0,0,0,0,0,0,0,0,0,0,0,0,0,0,0,0,0,0,0,0,0,0,0,18,37.74985,-122.4178811,"(37.74985, -122.4178811)"
2016-083,98 Pennsylvania,(4) Site Work Permit Issued,98 Pennsylvania Ave,94107,3948,2,10,Mission Bay,Potrero Hill,MOHCD,Inclusionary Housing,Inclusionary Housing Program,Not in an OCII Project Area,New Construction,Rental,,,12/05/2018,,06/05/2019,,Ciaran & Patrick Harty,,,2020-010275PRJ,,03/02/2023,On-site BMR Project; Fee Payment,64,9,14,0,2,3,3,1,0,0,0,9,0,0,0,0,0,0,0,0,6,0,0,1,0,0,0,2,0,0,0,0,37.7653983,-122.3941769,"(37.7653983, -122.3941769)"
2023-031,Treasure Island Parcel B1,(2) Predevelopment Feasibility,TBD Treasure Island,,,,6,Treasure Island,Treasure Island/YBI,MOHCD,Inclusionary Housing,Inclusionary Housing Program,Not in an OCII Project Area,New Construction,Rental,,,,,,,,,,,,,On-site BMR Project,117,6,5,0,0,0,0,0,0,0,0,0,0,0,0,0,0,0,0,0,0,0,0,0,0,0,0,0,0,0,0,0,,,
2015-033f,Sunnydale Block 3B,(5) First Construction Document Issued,1555 Sunnydale Ave,94134,,,10,Visitacion Valley,Visitacion Valley,MOHCD,MOHCD 100% Affordable,HOPE SF,Not in an OCII Project Area,New Construction,Rental,,03/29/2023,05/12/2022,03/20/2023,03/29/2023,03/04/2025,Related California,Mercy Housing CA,Mercy Housing CA,2010.0305,,,,90,89,99,0,4,24,36,25,0,0,23,22,0,0,0,0,0,0,0,0,67,0,0,22,0,0,0,0,0,0,0,0,37.7120506,-122.4164462,"(37.7120506, -122.4164462)"
2021-007,4712-4720 3rd St,(4) Site Work Permit Issued,4712-4720 3rd St,94123,5311,35,10,Bayview Hunters Point,Bayview,MOHCD,Inclusionary Housing,Inclusionary Housing Program,Not in an OCII Project Area,New Construction,Rental,,,08/01/2019,,,,,,,2020-003042PRJ,,,On-site BMR Project,21,4,19,0,0,2,1,1,0,0,0,0,0,0,0,0,0,0,0,0,0,2,0,1,0,0,0,1,0,0,0,0,37.7354419,-122.3906984,"(37.7354419, -122.3906984)"
2023-018,2205 Mission,(2) Predevelopment Feasibility,2205 Mission St,94110,3590,35,9,Mission,Mission,MOHCD,Other Ownership Programs,BMR-Other,Not in an OCII Project Area,New Construction,Ownership,,,10/02/2023,,09/11/2028,06/30/2026,Mission Economic Development Agency,,,2018-003616PRJ,,09/13/2023,On-site BMR Project,63,63,100,0,0,0,46,17,0,0,0,63,0,0,0,0,0,0,0,0,0,0,0,31,0,0,3,0,11,18,0,0,37.76174,-122.4188969,"(37.76174, -122.4188969)"
2018-033,1245 Folsom,(3) Design with Entitlements Approved,1245 Folsom St,94103,3756,41,6,South of Market,South of Market,MOHCD,Inclusionary Housing,Inclusionary Housing Program,Not in an OCII Project Area,New Construction,Rental,,07/01/2023,,,10/02/2020,,"Newbs 0168, LLC",,,2015-014148PRJ,,10/04/2018,On-site BMR Project,37,7,19,0,3,1,3,0,0,0,0,7,0,0,0,0,0,0,0,0,0,0,0,1,0,0,3,0,0,3,0,0,37.7741616,-122.410466,"(37.7741616, -122.410466)"
2000-016,Derek Silva Community,(2) Predevelopment Feasibility,1580 Market Street,94102,,,6,Hayes Valley,Downtown/Civic Center,MOHCD,MOHCD 100% Affordable,Multifamily Rental Program,Not in an OCII Project Area,Rehabilitation,Rental,,,12/13/2002,,,03/24/2005,Mercy Housing CA,,,,,,,70,69,99,0,38,27,5,0,0,0,0,0,0,0,0,0,0,0,0,0,69,0,0,0,0,0,0,0,0,0,0,0,37.7746225,-122.4206319,"(37.7746225, -122.4206319)"
2021-005,4742 Mission,(5) First Construction Document Issued,4742 Mission St,94112,956,"004, 005",11,Outer Mission,Outer Mission,MOHCD,Inclusionary Housing,Inclusionary Housing Program,Not in an OCII Project Area,New Construction,Rental,,,08/31/2022,12/05/2022,03/03/2023,04/26/2025,Shahab Rostami,,,2019-012820PRJ,,03/04/2021,On-site BMR Project,46,12,26,0,4,3,4,1,0,0,0,0,0,0,0,0,0,0,0,0,0,5,0,4,0,0,0,3,0,0,0,0,37.7222992,-122.4369475,"(37.7222992, -122.4369475)"
2019-014,Laguna Honda Hospital Senior Housing,(2) Predevelopment Feasibility,375 Laguna Honda Blvd,94131,2842,7,7,Twin Peaks,Twin Peaks,MOHCD,MOHCD 100% Affordable,Multifamily Rental Program,Not in an OCII Project Area,New Construction,Rental,,,,,,01/09/2026,Mercy Housing CA,,,,,,,265,263,99,0,208,55,0,0,0,0,0,0,263,0,0,0,0,0,0,0,190,0,73,0,0,0,0,0,0,0,0,0,37.7490717,-122.4568745,"(37.7490717, -122.4568745)"
1989-012,El Dorado,(5) First Construction Document Issued,150 9th St,94103,,,6,South of Market,South of Market,MOHCD/SFRA,MOHCD 100% Affordable,Multifamily Rental Program,Not in an OCII Project Area,Rehabilitation,Rental,08/29/1990,05/02/2024,04/03/2024,05/07/2024,05/02/2024,11/11/2025,"Conard House, Inc.",,"Conard House, Inc.",,,,,62,62,100,39,23,0,0,0,0,0,4,0,0,0,62,0,0,0,0,0,62,0,0,0,0,0,0,0,0,0,0,0,37.7754439,-122.4140215,"(37.7754439, -122.4140215)"
2020-030,955 Post,(3) Design with Entitlements Approved,955 Post St,94109,302,21,3,Tenderloin,Downtown/Civic Center,MOHCD,Inclusionary Housing,Inclusionary Housing Program,Not in an OCII Project Area,New Construction,Rental,,,,,11/18/2022,,,,,2015-015950PRJ,,11/19/2020,On-site BMR Project,69,17,25,0,0,6,9,2,0,0,0,0,0,0,0,0,0,0,0,0,0,10,0,3,0,0,0,4,0,0,0,0,37.7868983,-122.4176463,"(37.7868983, -122.4176463)"
2016-092,"HPSY I, Block 48 (OCII 2)",(1) Preliminary Phase,996 Oakdale Ave,94124,4591D,"094, 095, 096",10,Bayview Hunters Point,Bayview,OCII,MOHCD 100% Affordable,Multifamily Rental Program,HP Shipyard Phase 1,New Construction,Rental,,12/31/2028,,,12/31/2028,06/23/2030,,,,Not Applicable,,,,70,69,99,0,0,0,0,0,0,0,0,18,0,0,0,0,0,0,0,0,69,0,0,0,0,0,0,0,0,0,0,0,37.7282288,-122.3791709,"(37.7282288, -122.3791709)"
2015-019,1000 Mississippi,(4) Site Work Permit Issued,1000 Mississippi St,94107,4224,"015, 016, 037, 038, 039, 040",10,Potrero Hill,Potrero Hill,MOHCD,Inclusionary Housing,Inclusionary Housing Program,Not in an OCII Project Area,New Construction,Ownership,,,04/22/2016,,10/21/2016,,"Heights Properties, LLP",,,2014.1019,"2006.0810,2006.0810C,2006.0810E,2006.0810K,2014.1019C",05/14/2015,On-site BMR Project,28,3,11,0,0,0,3,0,0,0,0,3,0,0,0,0,0,0,0,0,0,0,0,0,3,0,0,0,0,0,0,0,37.7534083,-122.3936931,"(37.7534083, -122.3936931)"
2016-054,469 Eddy,(4) Site Work Permit Issued,469 Eddy St,94102,337,014A,5,Tenderloin,Downtown/Civic Center,MOHCD,Inclusionary Housing,Inclusionary Housing Program,Not in an OCII Project Area,New Construction,Ownership,,,11/30/2018,,05/31/2019,,"469 Eddy Street, LLC",,,2014.0562,,06/16/2016,On-site BMR Project,28,3,11,0,0,1,2,0,0,0,0,0,0,0,0,0,0,0,0,0,0,0,0,0,3,0,0,0,0,0,0,0,37.7832488,-122.4152901,"(37.7832488, -122.4152901)"
2019-027,2300 Harrison,(3) Design with Entitlements Approved,2300 Harrison St,94110,3593,1,9,Mission,Mission,MOHCD,Inclusionary Housing,Inclusionary Housing Program,Not in an OCII Project Area,New Construction,Rental,,,,,12/10/2021,,"Reuben, Junius & Rose, LLP",,,2016-010589PRJ,,12/12/2019,On-site BMR Project,24,3,13,0,0,2,1,0,0,0,0,3,0,0,0,0,0,0,0,0,3,0,0,0,0,0,0,0,0,0,0,0,37.76039,-122.4131811,"(37.76039, -122.4131811)"
1998-012,MAC's Children and Family Services,(5) First Construction Document Issued,2168 Cayuga Ave,94112,,,11,Outer Mission,Outer Mission,SFRA,Temporary/Service Housing,Foster Care,Not in an OCII Project Area,Rehabilitation,Rental,06/29/2018,,04/13/1998,,,04/30/2024,"Mac's Children And Family Services, Inc.",,,,,,,10,10,100,10,0,0,0,0,0,0,0,0,0,0,0,0,0,0,0,0,0,0,0,10,0,0,0,0,0,0,0,0,37.7104298,-122.4543218,"(37.7104298, -122.4543218)"
2022-005,1101-1123 Sutter,(3) Design with Entitlements Approved,1101-1123 Sutter St,94109,692,1,3,Nob Hill,Downtown/Civic Center,MOHCD,Inclusionary Housing,Inclusionary Housing Program,Not in an OCII Project Area,New Construction,Rental,,,,,03/22/2024,05/16/2026,Julie Heinzler,,"1101 Sutter Affordable, LP",2019-022850PRJ,"2019-022850CUA, 2019-022850CUA-02",03/24/2022,On-site BMR Project; Fee Payment,221,35,16,0,13,8,14,0,0,0,0,0,0,0,0,0,0,0,0,0,5,18,0,6,0,0,0,6,0,0,0,0,37.7877391,-122.4186659,"(37.7877391, -122.4186659)"
2015-068,1298 Valencia,(4) Site Work Permit Issued,1298 Valencia St,94110,3633,21,9,Mission,Mission,MOHCD,Inclusionary Housing,Inclusionary Housing Program,Not in an OCII Project Area,New Construction,Ownership,,,01/02/2019,,08/30/2019,,,,,2013.1404,,08/31/2017,On-site BMR Project; Fee Payment,35,1,3,0,0,1,0,0,0,0,0,0,0,0,0,0,0,0,0,0,0,0,0,0,1,0,0,0,0,0,0,0,37.752323,-122.4209058,"(37.752323, -122.4209058)"
2011-035,Parkmerced - Phase 2,(3) Design with Entitlements Approved,3711 19th Ave,94132,,,7,Lakeshore,Lakeshore,MOHCD,Inclusionary Housing,Inclusionary Housing Program,Not in an OCII Project Area,New Construction,Rental,,,,,02/08/2013,,Maximus,,,2008.0021,"2008.0021C,2008.0021E,2008.0021E_11,2008.0021E_3,2008.0021E_5,2008.0021E_7,2008.0021E_9,2008.0021K,2008.0021M,2008.0021P,2008.0021T,2008.0021U,2008.0021U_3,2008.0021W,2008.0021Z",02/10/2011,On-site BMR Project; Fee Payment,711,36,5,0,0,0,0,0,0,0,0,36,0,0,0,0,0,0,0,0,0,0,0,0,0,0,0,0,0,0,0,36,37.7205747,-122.4758422,"(37.7205747, -122.4758422)"
2024-005,757 Sutter,(1) Preliminary Phase,757 Sutter St,94109,298,27,3,Nob Hill,Downtown/Civic Center,MOHCD,MOHCD Preservation,Big Sites Program,Not in an OCII Project Area,Rehabilitation,Rental,,,,,,,Tenderloin Housing Clinic,,Tenderloin Housing Clinic,,,,,35,35,100,0,22,9,0,0,0,0,0,0,0,0,0,0,0,0,0,0,0,0,0,0,0,0,0,0,0,0,0,35,,,
2016-093,Mission Bay South Block 9A,(5) First Construction Document Issued,400 China Basin St,94158,8719,5,6,Mission Bay,South of Market,OCII,Other Ownership Programs,Limited Equity Program,Mission Bay,New Construction,Ownership,,04/15/2022,08/13/2021,07/07/2022,04/15/2022,09/11/2024,Curtis Development,"Michael Simmons Property Development, Inc.",Curtis Development,Not Applicable,,,,148,148,100,0,0,50,63,35,0,0,7,148,0,0,0,0,0,0,0,0,0,0,0,29,48,40,0,31,0,0,0,0,37.7720725,-122.3885506,"(37.7720725, -122.3885506)"
2023-001,3661 19th St,(5) First Construction Document Issued,3661 19th St,94110,3598,75,8,Mission,Mission,MOHCD,MOHCD Preservation,Small Sites Program,Not in an OCII Project Area,Rehabilitation,Rental,01/27/2023,09/28/2023,,,09/28/2023,08/22/2024,Mission Economic Development Agency,,"MEDA Small Properties, LLC",,,,,12,12,100,0,0,0,12,0,0,0,0,0,0,0,0,0,0,0,0,0,0,0,0,12,0,0,0,0,0,0,0,0,37.75975,-122.4248637,"(37.75975, -122.4248637)"
2016-128,CPS-Block 8a,(3) Design with Entitlements Approved,95 Harney Way,94124,5000,34,10,Bayview Hunters Point,Bayview,OCII,Other Ownership Programs,Limited Equity Program,HP Shipyard Phase 2,New Construction,Ownership,,06/01/2028,,,06/01/2028,12/23/2029,,,,,,05/16/2017,,127,13,10,0,0,0,0,0,0,0,0,13,0,0,0,0,0,0,0,0,0,0,0,0,0,6,0,0,7,0,0,0,37.711111,-122.3864198,"(37.711111, -122.3864198)"
2017-028,888 Tennessee,(3) Design with Entitlements Approved,888 Tennessee St,94107,4060,1,10,Potrero Hill,Potrero Hill,MOHCD,Inclusionary Housing,Inclusionary Housing Program,Not in an OCII Project Area,New Construction,Ownership,,,,,10/18/2019,,"Reuben, Junius & Rose, LLP",,,2013.0975,"2013.0975COA,2013.0975E,2013.0975ENX,2013.0975SHD,2013.0975TDM,2013.0975U",10/19/2017,On-site BMR Project,110,17,15,0,3,7,6,1,0,0,0,17,0,0,0,0,0,0,0,0,0,0,0,0,17,0,0,0,0,0,0,0,37.7606028,-122.3897542,"(37.7606028, -122.3897542)"
2015-033c,Sunnydale Block 3A,(5) First Construction Document Issued,1545 Sunnydale Ave,,,,10,Visitacion Valley,Visitacion Valley,MOHCD,MOHCD 100% Affordable,HOPE SF,Not in an OCII Project Area,New Construction,Rental,,06/12/2023,08/10/2022,06/15/2023,06/12/2023,01/02/2025,Related California,Mercy Housing CA,Mercy Housing CA,2010.0305,,,,80,79,99,0,4,24,28,15,8,0,14,0,0,0,0,0,0,0,0,16,44,19,0,0,0,0,0,0,0,0,0,0,37.7120506,-122.4164451,"(37.7120506, -122.4164451)"
2019-016,755 Brannan,(3) Design with Entitlements Approved,755 Brannan St,94103,3784,181,6,South of Market,South of Market,MOHCD,Inclusionary Housing,Inclusionary Housing Program,Not in an OCII Project Area,New Construction,Rental,,,,,08/20/2021,,"SF Green Homes, LLC",,,2017-002951PRJ,"2017-002951PRJ, 2017-002951ENV, 2017-002951ENX, 2017-002951PPA,",08/22/2019,On-site BMR Project; Fee Payment,57,8,14,0,3,1,4,0,0,0,0,8,0,0,0,0,0,0,0,0,5,0,0,1,0,0,0,2,0,0,0,0,37.773879,-122.4020021,"(37.773879, -122.4020021)"
2023-015,469 Stevenson,(3) Design with Entitlements Approved,469 Stevenson St,94103,3704,45,6,South of Market,South of Market,MOHCD,Inclusionary Housing,Inclusionary Housing Program,Not in an OCII Project Area,New Construction,Rental,,,,,04/18/2025,,,,,2016-014833PRJ,,04/20/2023,On-site BMR Project; Fee Payment,495,66,13,0,26,19,13,8,0,0,0,0,0,0,0,0,0,0,0,0,38,0,0,14,0,0,0,14,0,0,0,0,37.782,-122.4089272,"(37.782, -122.4089272)"
2018-001,1965 Market,(4) Site Work Permit Issued,1965 Market St,94103,3534,58,8,Mission,Mission,MOHCD,Inclusionary Housing,Inclusionary Housing Program,Not in an OCII Project Area,New Construction,Ownership,,,07/11/2019,,01/17/2020,,Keller Grover Properties,,,2015-002825PRJ,"2015-002825CUA,2015-002825ENV,2015-002825PPA",01/18/2018,On-site BMR Project,96,14,15,0,0,8,6,0,0,0,0,0,0,0,0,0,0,0,0,0,0,0,0,14,0,0,0,0,0,0,0,0,37.7694681,-122.4259465,"(37.7694681, -122.4259465)"
2022-003,600 McAllister,(3) Design with Entitlements Approved,600 McAllister St,94102,768,72,5,Western Addition,Downtown/Civic Center,MOHCD,Inclusionary Housing,Inclusionary Housing Program,Not in an OCII Project Area,New Construction,Rental,,,,,02/09/2024,04/04/2026,S. Hekemian Group,,Giannini Properties No. 1,2019-014735PRJ,2019-014735CUA,02/10/2022,On-site BMR Project; Fee Payment,196,29,15,0,17,0,12,0,0,0,0,0,0,0,0,0,0,0,0,0,0,17,0,6,0,0,0,6,0,0,0,0,37.7800455,-122.4223836,"(37.7800455, -122.4223836)"
2021-003,1526-1560 Folsom,(3) Design with Entitlements Approved,1526-1560 Folsom St,94103,3516,"067, 066, 068, 009",6,Mission,South of Market,MOHCD,Inclusionary Housing,Inclusionary Housing Program,Not in an OCII Project Area,New Construction,Rental,,02/17/2023,,,02/17/2023,04/12/2025,L37 Partners,,,2018-014795PRJ,"2018-014795PRJ, 2018-014795ENV",02/18/2021,On-site BMR Project; Fee Payment,231,34,15,0,9,12,12,1,0,0,0,0,0,0,0,0,0,0,0,0,20,0,0,7,0,0,0,7,0,0,0,0,37.7717464,-122.4146995,"(37.7717464, -122.4146995)"
